PCA_0,PCA_1,AE_s0_0,AE_s0_1,AE_s1_0,AE_s1_1,label
-1.0698545,8.580166,-0.038950153,1.6935216,0.33776176,5.776434,CD4 T cells
3.0382934,-1.9497192,9.911942,3.747197,6.57124,-0.01895214,B cells
-2.0137098,8.704552,-1.3378876,6.0757885,1.0536699,7.5369124,CD4 T cells
12.4035425,11.631932,10.500464,11.425555,11.186738,10.104423,CD14+ Monocytes
0.4353871,14.565382,-3.0311768,8.862928,-0.78123945,11.020137,NK cells
0.10099112,7.1468673,-1.9251448,2.901523,1.1668165,6.2493067,CD8 T cells
0.24423407,9.303526,-1.2171166,6.404952,-0.67140543,8.433167,CD8 T cells
-0.83108985,10.204883,-3.126576,6.1017904,-0.14156203,8.1482315,CD8 T cells
1.0046176,9.956883,-2.2307482,4.211444,-1.9744208,7.409797,CD4 T cells
12.43558,12.729745,9.611185,12.082289,10.19133,10.827671,FCGR3A+ Monocytes
2.9429495,-1.8109251,10.569905,2.9922345,6.396607,-0.00046737812,B cells
-0.06868302,5.653456,-2.6152039,3.1553445,-0.18189652,3.2085047,CD4 T cells
0.24349503,7.0837736,-2.21621,3.318864,0.8071063,6.495166,CD4 T cells
13.27111,9.212778,10.738657,11.312729,13.104065,7.0427523,CD14+ Monocytes
1.0757385,9.22942,-2.0221663,5.212779,-0.62911534,6.9009275,CD8 T cells
2.1354055,6.507978,-0.9077506,1.7830453,-0.82652724,5.523605,CD4 T cells
12.464465,9.990315,11.679871,10.847962,11.05894,9.139373,CD14+ Monocytes
-2.297531,5.910072,-1.2071362,2.238248,-0.31961894,5.426574,CD4 T cells
2.987199,-1.3310292,10.548734,2.674372,5.2034726,0.1874804,B cells
4.0841727,-1.6249819,11.631459,3.2605462,7.357739,1.124164,B cells
4.0417695,-1.6241231,11.490023,3.0247676,7.4048076,0.11732978,B cells
2.104011,5.693735,-3.0300555,1.5882366,2.0418572,3.6582575,CD4 T cells
13.153713,7.430846,13.060383,9.258462,12.96172,9.61483,CD14+ Monocytes
5.003676,-0.4245219,11.251593,3.4371192,6.071039,0.619432,B cells
2.4643412,4.698371,-1.2755002,1.0472449,-0.62462413,4.136535,CD4 T cells
-0.5723651,3.6701126,-0.10632644,0.68681365,1.8363292,5.087214,CD4 T cells
2.3385336,7.1792965,8.455916,10.352067,10.3198805,11.034316,CD4 T cells
-0.009569622,2.7782738,0.1834632,1.2920827,2.531538,4.73018,CD4 T cells
-1.871992,8.803287,-1.3008406,5.7302313,2.262672,6.1649036,CD4 T cells
11.185717,14.521547,8.287134,11.809884,11.06362,12.181127,FCGR3A+ Monocytes
1.2226329,9.106985,-0.54248434,4.4242005,-0.3858639,6.527867,CD8 T cells
5.213489,-1.9466215,10.84906,3.662174,6.006429,-1.284012,B cells
12.792459,8.864776,12.574661,11.343013,12.337719,8.107518,CD14+ Monocytes
-1.0491455,8.9276,-3.3443115,5.77158,1.6605221,7.2048793,CD4 T cells
13.617394,10.173695,10.839128,10.226843,12.005267,7.912295,CD14+ Monocytes
1.4821242,4.065691,-1.8757561,1.3686687,-1.4660202,3.1435056,CD4 T cells
13.050182,8.735105,11.900448,10.976142,12.488284,8.683413,CD14+ Monocytes
12.767035,13.138041,9.576228,12.255748,11.242797,11.292926,FCGR3A+ Monocytes
0.7210807,2.8273778,0.28403252,0.61626923,1.6901948,4.610328,CD4 T cells
-0.71510255,12.676712,-1.8253548,9.950364,-1.5949984,9.854902,CD8 T cells
-0.7080593,10.614085,-0.25860783,5.621569,-1.6472778,8.07058,CD8 T cells
-0.78228813,9.854963,-0.115635976,4.2120433,0.846961,8.432758,CD8 T cells
0.79554003,6.427933,-2.6554525,2.4741163,0.79639024,4.7084146,CD4 T cells
0.021880744,3.8937542,-3.5466037,3.6109936,2.310911,3.6951191,CD4 T cells
-0.97350675,4.4103737,-3.6700428,1.5822685,1.8907721,5.777667,CD4 T cells
-0.3029327,8.08494,-2.8720984,3.2010071,0.047314953,5.9211173,CD4 T cells
0.64182127,4.082133,-0.59337044,2.2118127,-0.108068205,3.8731744,CD4 T cells
13.426859,10.589881,11.9243145,10.279863,12.136356,8.3739,CD14+ Monocytes
0.81532174,2.6023276,0.4373837,0.6045047,-0.62214607,4.7232604,CD4 T cells
12.1369295,14.160302,9.46488,12.59905,11.162289,11.202345,FCGR3A+ Monocytes
11.82436,10.839582,10.482418,10.379114,12.685671,9.805975,CD14+ Monocytes
11.511166,14.1237955,8.794717,11.187176,10.793523,11.756312,FCGR3A+ Monocytes
12.215483,13.2032585,9.701634,12.1274805,11.779404,10.920172,FCGR3A+ Monocytes
1.5094606,4.396987,-2.017865,1.1556673,0.48457047,4.591069,CD4 T cells
-2.5894735,6.432257,-4.130815,3.675334,2.8454018,6.6969905,CD4 T cells
4.1215696,-3.0271788,9.316284,3.677266,7.046334,-1.2953533,B cells
12.542595,8.6016655,11.921299,11.566225,12.005301,7.5036297,CD14+ Monocytes
-2.796982,6.201469,-2.9017894,3.7251468,0.836439,5.687442,CD4 T cells
12.436818,9.3804455,10.942332,12.175303,11.948323,9.710291,CD14+ Monocytes
11.871018,9.567359,10.6628475,10.258427,11.63797,9.425247,CD14+ Monocytes
-0.65909445,3.7017205,-1.3762743,2.5251062,-0.88025105,4.870876,CD4 T cells
1.3709875,3.5222323,-1.7231519,0.49215528,-0.5956566,4.1106396,CD4 T cells
-0.11936409,15.435689,-2.825051,9.4683,-2.261297,12.195561,NK cells
12.937733,13.22973,9.002239,11.876756,10.337689,11.186625,FCGR3A+ Monocytes
0.25114155,6.4918942,-3.1286504,1.6194687,2.4529476,5.946261,CD4 T cells
11.975504,13.299587,8.339497,11.178332,10.156342,10.456393,FCGR3A+ Monocytes
-0.52268064,7.810726,-3.5317774,4.6101747,1.0191675,6.9438066,CD4 T cells
0.047747817,5.5636635,-0.7808663,2.1706777,0.5158399,5.1075606,CD4 T cells
0.65840745,3.1039581,-1.4278452,1.0076529,0.46861076,2.896208,CD4 T cells
-0.8984217,5.618891,-4.149634,2.8992355,-1.7326084,3.2984645,CD4 T cells
-1.0263097,6.0276475,-1.8719573,3.0402405,-0.17643604,3.2365422,CD4 T cells
1.0182024,16.29482,-2.4335117,10.893111,-1.2672511,12.56237,NK cells
-2.9864545,7.8928022,-1.2908456,4.463348,1.5972927,4.512306,CD4 T cells
0.54792506,16.062391,-3.341989,10.386173,-2.6902688,11.675652,NK cells
-2.0229352,4.8127747,0.414067,2.9222312,-1.1957258,4.3711786,CD4 T cells
3.3100371,-1.5834432,9.888592,3.3185825,6.2796845,-0.3618527,B cells
0.8773736,5.540988,0.4707908,2.5972505,1.219967,2.944716,CD4 T cells
-0.9244731,7.7850857,-2.6997485,3.5363753,2.5337992,6.7869787,CD4 T cells
-0.7253342,4.612651,-0.42851582,5.095236,0.74523276,6.831883,CD4 T cells
13.189445,8.657334,11.933107,9.513314,13.0047,7.89103,CD14+ Monocytes
12.833179,7.9431577,11.585325,9.951784,13.28784,8.269716,CD14+ Monocytes
0.21460466,10.4196825,-0.7085879,5.8706517,-0.76407576,7.5615244,CD8 T cells
12.435254,10.35932,10.579725,10.774907,11.299445,9.718026,CD14+ Monocytes
0.16721028,7.1478024,-1.4523214,3.438305,2.7035396,6.999568,CD4 T cells
13.790346,7.443758,13.231073,10.681864,14.187694,8.037005,CD14+ Monocytes
3.259929,-2.161837,10.653206,4.240242,7.193826,-0.9248799,B cells
0.80494875,5.713496,-2.6469,1.8012927,2.9126585,6.642778,CD4 T cells
2.5256214,6.330312,-2.873613,3.09045,-0.271779,3.300763,CD4 T cells
4.7263474,-3.2526193,9.782872,3.5567727,8.047107,-0.25962394,B cells
4.3469415,-3.014335,8.856706,3.668091,6.3151693,-0.25491628,B cells
0.86922437,5.5435557,-2.2787426,0.9812541,1.7008002,5.840384,CD4 T cells
13.888793,8.708885,12.054847,11.413157,13.4007635,7.3986435,CD14+ Monocytes
5.275776,-1.2960702,9.087881,3.7486465,6.3828845,0.7119209,B cells
5.5231547,-0.7152683,8.885371,4.4485407,5.281515,1.0090477,B cells
13.292992,8.980191,12.366217,10.604303,11.832778,7.1662054,CD14+ Monocytes
11.928318,7.3753786,12.447848,8.989906,12.010294,8.2109,CD14+ Monocytes
1.547747,3.942755,-1.7826197,0.8263083,1.1072757,4.356345,CD4 T cells
12.478336,8.555567,11.742316,10.900118,11.123466,8.036233,CD14+ Monocytes
14.043395,9.456311,10.832667,10.42344,12.3571615,7.3122954,CD14+ Monocytes
9.688406,7.9396544,11.191779,7.6279626,11.029636,7.420616,Dendritic cells
0.48719203,15.872891,-3.1861231,10.586728,-1.9845023,12.072007,NK cells
12.49157,9.359879,11.748295,11.242306,14.231722,9.225655,CD14+ Monocytes
-1.242017,7.0070806,-3.8139312,3.1020489,0.76363087,5.3640184,CD4 T cells
1.5971884,14.451187,-3.759662,9.1227455,-1.3374828,10.835735,CD8 T cells
1.017936,14.142478,-3.495804,9.419328,-1.9928123,10.327328,NK cells
3.0042977,-1.1352432,10.179142,2.9851289,5.231871,0.31286877,B cells
1.4563965,10.833626,-3.106974,6.1554036,-2.0600908,7.2206573,CD8 T cells
2.9551523,-1.9103011,9.775492,3.3243403,7.0255537,0.024091631,B cells
1.790015,5.214289,-1.511902,3.7150438,2.5512033,4.6827173,CD4 T cells
8.80286,7.1692963,10.707188,6.3937106,9.950958,6.3986025,Dendritic cells
13.011881,10.416097,11.345421,11.898046,12.190507,10.050875,CD14+ Monocytes
-0.24997,7.6972303,-1.3220701,4.581163,3.2517676,4.403721,CD4 T cells
1.5935413,7.8445024,-2.9093604,5.2964826,0.5725312,7.0226283,CD4 T cells
-0.23842467,9.216966,-2.3749514,5.476758,-0.45587915,6.822529,CD4 T cells
14.228924,8.8934,12.263807,11.8910055,14.09137,8.774193,CD14+ Monocytes
12.533736,12.511537,9.137274,11.097425,10.47252,9.9389,FCGR3A+ Monocytes
0.6955715,2.8000438,0.8011509,1.6166499,0.1707167,2.893194,CD4 T cells
4.660357,-1.3189497,11.033666,4.374101,6.578443,-0.72131205,B cells
12.374272,13.007101,9.233177,11.639278,10.979667,10.365181,FCGR3A+ Monocytes
-1.0515311,3.6905172,-3.4019303,4.0766754,-1.0444535,2.9913175,CD4 T cells
0.56931084,12.551756,-3.0575159,7.8972826,-0.4856587,9.793644,CD8 T cells
13.793716,7.635657,13.166878,10.119347,13.892086,6.958491,CD14+ Monocytes
4.240474,-0.5428824,9.987948,3.9074435,6.7990313,1.2217008,B cells
-1.2547828,11.661763,-0.7011933,6.4931717,-1.1305027,8.02837,CD8 T cells
-1.893476,5.552382,1.001049,2.1052377,0.43385908,5.2642393,CD4 T cells
2.4764538,6.6655717,-0.89652234,2.5149477,2.7749262,3.7298303,CD4 T cells
12.542227,10.771829,11.180893,11.4432745,11.827348,9.404162,CD14+ Monocytes
4.4793262,-1.354149,10.710754,5.438275,6.872102,-1.1824696,B cells
0.31989104,16.444082,-3.7881014,9.805113,-2.4930873,11.547068,NK cells
-0.7837351,3.4503675,0.15295857,1.9591749,-0.3861326,5.0885897,CD4 T cells
-0.4950957,5.416463,-1.9653807,1.6715863,1.5961117,4.255577,CD4 T cells
0.23095751,2.4525642,-0.47477937,1.7000432,1.0462817,2.7234375,CD4 T cells
-0.9728475,3.0047405,0.026794188,0.30524218,-0.88351625,3.358216,CD4 T cells
1.065423,11.094046,-2.942451,6.7752995,-1.4885572,8.977871,CD8 T cells
4.1737084,-2.765139,11.339772,5.413738,5.792553,-1.1054852,B cells
12.7612915,12.12194,9.3884945,12.043442,11.545901,10.751993,CD14+ Monocytes
-2.303501,4.351167,0.27776173,2.407956,-1.339499,6.8302617,CD4 T cells
-0.89496315,5.5937037,-2.558696,1.7170919,-1.9241471,3.730608,CD4 T cells
0.41781005,7.242577,-2.6568618,2.484355,1.0540507,3.8097227,CD4 T cells
4.145975,-2.1499066,9.24612,4.650411,6.755958,-0.66378665,B cells
-2.0237405,5.0224547,0.1745059,0.7993391,-0.7745448,4.8331237,CD4 T cells
1.363549,12.296362,-1.984588,8.354015,-2.1157336,10.029244,CD8 T cells
0.6731733,14.620703,-3.3554213,9.599073,-1.3536909,10.997264,NK cells
3.2969213,-2.2304537,10.036691,2.7766387,6.7268643,0.20874994,B cells
0.8848564,11.997029,-2.3089485,7.288287,-0.683218,9.555059,CD8 T cells
1.3139374,10.451992,-3.0986204,5.7257605,0.53834563,8.68349,CD8 T cells
4.6160984,-3.488696,9.680669,3.0206165,7.6937156,-0.4818668,B cells
-0.37852213,4.841021,0.6671776,3.2236543,0.5274115,2.896588,CD4 T cells
12.30638,10.208115,12.098333,11.382752,11.534759,8.926332,CD14+ Monocytes
0.8149839,16.054174,-3.2904162,9.855019,-1.960823,12.486833,NK cells
0.019337948,12.49516,-1.7640455,8.928629,-1.4776131,10.471818,CD8 T cells
-0.8525883,7.039008,-1.2987087,4.537006,1.5303943,2.6835394,CD4 T cells
0.10678666,8.031465,-4.3082457,3.6123974,-2.1683016,5.233066,CD4 T cells
0.9421784,3.700505,-0.36821517,1.6214372,-1.4190394,3.8488495,CD8 T cells
13.397835,9.9114275,11.439026,9.075407,13.547805,8.053626,CD14+ Monocytes
0.40904233,6.4798384,-0.74916995,3.1324832,0.84856415,6.3618956,CD4 T cells
1.7914633,4.950742,-2.0550692,3.2973335,0.7112214,2.7561827,CD4 T cells
1.1015875,15.252076,-2.871992,9.850344,-1.7213864,11.688841,NK cells
1.7241504,12.942257,-2.5796354,8.467224,-1.8421977,9.805748,CD8 T cells
12.31802,9.441861,11.020234,10.764368,12.328379,7.9769373,CD14+ Monocytes
3.7078025,-1.1674579,11.451446,4.58461,5.6734986,-0.24498089,B cells
10.20669,7.9711847,11.055009,8.553922,11.188368,7.3910217,Dendritic cells
4.9110694,-3.3437927,10.500779,3.6189413,5.392491,-0.39848936,B cells
13.747919,6.836695,12.8414345,9.764882,14.542233,8.891265,CD14+ Monocytes
-0.24809718,11.337748,-1.3473698,6.5842047,0.362292,8.773146,CD8 T cells
5.1212964,-1.401611,9.483634,3.564926,5.643844,1.1744108,B cells
-0.89279675,6.75276,-0.51261574,4.1236157,1.0097013,6.019597,CD4 T cells
-1.0688674,9.667536,-0.49608034,5.8741884,0.39438903,7.1889234,CD8 T cells
0.1525977,11.206252,-0.15859748,6.362374,-0.2893375,8.8873415,CD8 T cells
-2.2075853,5.6747603,-2.249332,2.392013,-1.5511606,4.494287,CD4 T cells
-0.4779099,4.325855,-2.792564,0.90909696,-0.3426787,5.244463,CD4 T cells
0.025853662,5.586162,-2.7666354,3.5588233,-1.8543297,5.25402,CD4 T cells
-0.08377964,5.4141364,0.81867963,3.6114674,1.6425816,3.5924382,CD4 T cells
13.014642,7.988898,12.8156185,10.204254,14.597508,9.423102,CD14+ Monocytes
0.639576,7.964872,-3.693428,4.1745076,3.0011415,5.7971134,CD4 T cells
9.733803,7.753699,10.911946,8.696383,11.095116,7.5438924,Dendritic cells
0.20371044,4.059194,-1.2356884,2.3819177,2.3929284,4.715704,CD4 T cells
-3.0830142,7.46356,0.042651594,4.115579,-1.544408,6.1088552,CD4 T cells
3.2586854,-0.89159006,9.444737,4.8591275,5.412265,0.15953183,B cells
4.7028227,-3.3993564,9.215979,3.4554224,6.980543,-1.2039381,B cells
11.593157,14.312557,8.587853,11.1728115,10.773262,11.888503,FCGR3A+ Monocytes
4.983952,-0.34480193,10.777557,5.3089557,7.6369896,0.78420484,B cells
0.94839126,3.3792155,-0.76876944,3.5124707,-0.6476012,4.3180823,CD4 T cells
12.58075,13.712761,9.785797,12.29065,10.956245,11.793096,FCGR3A+ Monocytes
14.656446,8.88208,12.616475,9.751574,13.72731,9.699688,CD14+ Monocytes
-0.14689651,14.910396,-2.4374247,10.201478,-1.4546865,12.445393,NK cells
-0.63706553,14.437245,-2.3625886,9.864895,-0.98582584,11.148048,NK cells
0.05249217,7.5849996,-2.8027995,2.9012735,0.99947506,3.773959,CD4 T cells
12.615856,8.081478,11.426867,8.601747,14.06296,8.614383,CD14+ Monocytes
0.23395677,4.7634926,-0.24773414,2.2717686,2.7812257,5.905491,CD4 T cells
3.694516,-2.2591674,9.265925,3.5857477,6.213289,-1.3590561,B cells
0.53660303,8.28358,-1.3281316,4.232097,1.6493474,6.1797714,CD4 T cells
5.2034492,-2.2505848,11.544604,3.661257,5.1113005,0.39670843,B cells
1.527765,11.643025,-3.132934,7.093203,-0.89064187,7.905814,CD8 T cells
-0.41626078,15.3192425,-2.4240265,10.129455,-2.3557148,11.106365,NK cells
1.1736906,12.314996,-1.8093637,7.5331564,-0.29543573,9.698623,CD8 T cells
0.96616364,10.750526,-1.7401752,7.206198,0.37712735,9.12037,CD8 T cells
1.1666026,15.331603,-3.5122986,9.694649,-1.7450018,12.596285,NK cells
-0.049589787,8.532469,-0.25621414,4.356049,2.7764564,7.0052266,CD4 T cells
-0.90394795,11.96601,-1.595663,7.794797,-1.4666969,8.560015,CD8 T cells
11.849334,10.487146,11.985379,10.731255,11.229493,8.826469,CD14+ Monocytes
-0.9471055,11.339934,-1.8026904,7.132248,-1.2355477,8.063211,CD8 T cells
1.0405084,11.86968,-3.165266,6.8662057,-1.4121392,8.299267,CD8 T cells
-1.7502782,6.99189,0.49723855,4.9795723,0.6991112,7.9989476,CD4 T cells
-2.2325232,6.982972,-3.557333,2.8098416,0.08205749,6.504588,CD4 T cells
12.231689,10.73153,10.863215,10.335921,12.67254,10.333169,CD14+ Monocytes
11.463538,14.392465,9.317318,12.269205,11.600636,11.142963,FCGR3A+ Monocytes
0.71074295,5.551748,-3.8951068,1.962031,-0.1239533,2.6464436,CD4 T cells
-0.7796969,10.832927,-1.9993776,6.4490633,-0.5202209,8.430316,CD8 T cells
0.20891513,16.190851,-2.5916588,10.9966345,-2.3298235,11.720955,NK cells
-0.5075233,8.347911,-1.8051335,5.196223,1.1105542,7.966725,CD4 T cells
-0.3250479,11.846701,-1.9896721,7.6456857,-1.1270492,9.038144,CD8 T cells
0.939962,10.914262,-1.2900836,6.334393,-0.005874233,8.066377,CD8 T cells
-0.5642622,10.550838,-2.586743,5.3103404,-0.57152295,7.647188,CD8 T cells
2.521801,5.740121,-2.5301926,2.24833,-0.6163259,3.2250285,CD4 T cells
13.733076,7.4913974,13.062186,9.398218,13.233867,8.188298,CD14+ Monocytes
14.406328,9.065077,12.844976,11.263192,13.409324,8.614738,CD14+ Monocytes
-0.17732124,7.5607324,-2.370708,3.154188,2.1563487,6.79538,CD4 T cells
4.55187,-1.376883,9.52369,5.2428117,6.8902917,0.38553423,B cells
-0.100012004,6.7951407,-1.7975376,1.1845791,-0.0038244445,5.579417,CD4 T cells
-1.5931636,6.0466576,-1.6071464,3.0783997,0.29557163,4.459178,CD4 T cells
11.799648,6.9515653,12.487385,12.048399,13.544116,9.014177,CD14+ Monocytes
1.468823,5.3915014,-0.6098941,2.775212,1.322776,5.2002263,CD4 T cells
1.693448,4.078846,-0.5840957,2.349027,-0.86310536,3.01312,CD4 T cells
-0.68008405,6.036007,-3.4085634,1.9692873,0.48998109,6.9735126,CD4 T cells
1.5781271,6.2999454,-3.3735106,4.779891,3.0278854,5.437375,CD4 T cells
0.40300277,6.5480204,-1.1207553,1.7592684,0.5218428,6.849219,CD4 T cells
-0.34251755,11.400406,-1.6406038,7.5768623,-1.5944352,8.691761,CD8 T cells
-0.6455575,7.4034567,-3.5995145,3.7396052,1.9607652,5.112798,CD4 T cells
-0.10243305,5.2488513,0.198652,3.1436617,3.3242798,4.200598,CD4 T cells
-2.0761197,6.1178937,-2.179333,3.4656587,2.4860616,6.025874,CD4 T cells
4.7301984,-1.9543155,10.4397135,3.6919472,5.1563177,0.4539013,B cells
11.817563,13.322806,9.075065,11.494532,12.300452,11.093418,FCGR3A+ Monocytes
1.0109545,4.4332676,0.16074556,0.5232872,0.98114324,4.3373885,CD4 T cells
13.218528,7.929391,12.79417,9.779606,14.22097,9.484239,CD14+ Monocytes
-0.96827805,4.562279,-1.1784443,2.972329,0.018618468,4.013856,CD4 T cells
-2.5206814,9.056477,-1.0915507,5.9333067,2.4580986,7.5966105,CD4 T cells
1.746343,7.580854,-2.0429938,0.655515,1.0520635,5.0341916,CD4 T cells
1.5236124,12.685044,-2.4846094,8.223,-1.6592029,9.120838,CD8 T cells
11.411073,13.90749,8.461263,10.73369,11.568504,11.990518,FCGR3A+ Monocytes
-1.4280201,5.5768948,-3.4054985,2.1641736,2.1773183,6.1498957,CD4 T cells
3.6829772,-2.4306595,11.139716,2.8673959,6.4593825,0.61863583,B cells
12.567667,9.134506,10.997552,10.557378,11.779598,9.249211,CD14+ Monocytes
1.9187814,5.73224,-3.2981172,1.332157,0.68519634,3.4640508,CD4 T cells
8.8461,12.483108,7.2546844,9.097176,13.23721,13.006538,Megakaryocytes
12.43565,8.3333,12.568372,10.22533,12.97796,9.767663,CD14+ Monocytes
0.65525675,6.7577057,-2.0459275,1.872519,2.8514006,4.5576277,CD4 T cells
11.972798,7.0261025,-1.3968238,1.6487163,13.791929,8.942858,CD14+ Monocytes
-1.8726872,7.445788,-0.3632456,0.5317299,1.134526,2.97223,CD4 T cells
4.50452,-1.2807515,10.166754,3.619882,6.2381105,0.61000186,B cells
1.5849371,6.8600516,-2.3236108,4.8510427,2.7901883,6.0445757,CD4 T cells
7.972041,6.5992293,9.505507,5.9392548,9.480009,5.385471,Dendritic cells
-0.29548943,8.110139,-2.1813817,5.4006987,1.3644587,7.443779,CD4 T cells
3.962117,0.12892072,10.723264,5.266865,6.804269,-0.5874394,B cells
11.484196,11.251519,11.03527,11.957574,10.795451,10.109864,CD14+ Monocytes
11.935398,11.771989,11.425512,12.056178,11.881237,10.597223,CD14+ Monocytes
-0.99157244,6.8725486,-0.22069232,1.0170199,2.4439325,3.0213037,CD4 T cells
4.953139,-2.0853531,10.186817,5.4037766,6.171485,0.7450935,B cells
4.4422474,0.020524638,10.293627,4.0423117,6.0610895,-0.4420121,B cells
10.991872,14.165392,9.332716,11.066651,10.534694,11.456337,FCGR3A+ Monocytes
0.89574146,7.733846,-1.5605028,4.2750907,1.883201,4.7653093,CD4 T cells
-0.62169886,5.93483,-4.262584,3.737948,0.46305475,6.1865835,CD4 T cells
1.2707553,6.3879037,0.19100334,2.5073593,1.7568794,4.5171685,CD4 T cells
-0.83123624,10.328136,-0.44840688,6.3444757,0.17538232,8.189194,CD8 T cells
10.158553,12.62037,8.443182,9.748893,12.835485,11.795446,Megakaryocytes
1.0821822,15.959505,-3.4314096,10.429281,-2.1943352,11.655432,NK cells
13.456879,10.029431,11.482407,10.696139,12.907957,8.594468,CD14+ Monocytes
11.39816,8.926163,10.942492,9.741439,11.998748,9.890407,CD14+ Monocytes
11.942782,12.120726,9.831069,11.089479,11.182859,10.096616,FCGR3A+ Monocytes
1.1269705,14.319628,-2.4536817,9.12377,-1.3746406,11.4754,NK cells
9.000534,12.44924,7.3043137,8.949206,13.371865,13.123554,Megakaryocytes
2.4133365,6.8536487,-1.5177902,1.2783675,-0.55167174,2.949709,CD4 T cells
2.9753628,-2.2691998,10.23125,3.0963523,6.9230413,-0.41479883,B cells
11.865178,12.523665,9.178406,10.596223,10.4438505,10.381919,FCGR3A+ Monocytes
1.6192534,4.6469054,-0.04046539,2.8583262,-0.4093632,5.4465823,CD8 T cells
3.527268,-0.9791519,9.963698,4.8000374,6.7956233,-0.43394405,B cells
0.76484406,4.29747,-2.7422545,1.0208304,1.5259327,3.819566,CD4 T cells
8.600197,7.125867,10.617311,6.148025,9.539388,5.9439607,Dendritic cells
-1.0281649,3.928822,-2.4315374,0.61660355,1.2724015,5.531442,CD4 T cells
-0.95077467,8.730667,-1.1032399,5.4192896,1.1912625,7.443933,CD4 T cells
4.8303647,-3.1546917,11.013832,2.9923604,6.4101243,-0.48759097,B cells
2.9857838,-1.2394654,9.773986,4.467581,5.689984,-0.008223308,B cells
-0.58090657,12.949015,-1.8422776,9.543378,-1.1620641,9.817937,NK cells
13.879915,8.248063,12.608682,9.25867,13.935228,7.8864903,CD14+ Monocytes
-2.0963748,7.392903,-0.34978595,3.5093997,1.9701833,7.0012183,CD4 T cells
-1.3342953,7.642702,-0.7866961,5.477992,-0.17540377,5.4688077,CD4 T cells
0.63596195,9.575017,-0.66287947,4.6073256,0.88670397,7.378023,CD4 T cells
0.20711015,14.193552,-2.4725084,9.916375,-1.3893604,11.096845,NK cells
4.687984,-2.247318,10.515828,3.207147,7.465821,0.40672085,B cells
11.966271,10.437977,11.844901,11.742195,11.486962,8.195762,CD14+ Monocytes
13.933722,9.832502,11.5829,11.251047,11.773389,7.3268385,CD14+ Monocytes
2.2205324,6.430713,-1.6010729,1.7193842,0.13452917,4.3641443,CD4 T cells
-0.18551232,8.220082,0.77748156,4.310437,-1.6944257,7.114991,CD4 T cells
12.331795,13.195719,9.487731,12.03746,10.943365,11.949378,FCGR3A+ Monocytes
-2.1755497,5.618007,-0.5603517,2.326556,3.2277012,5.556099,CD4 T cells
4.376037,-1.7886413,9.340507,4.097355,5.396123,-0.20863977,B cells
1.7319716,13.258445,-2.8011694,8.095838,-1.0139338,10.168827,CD8 T cells
-0.19963026,3.9789443,0.4997837,2.711999,-0.6745628,4.4465885,CD4 T cells
-1.3000772,5.090656,-1.9796896,4.054847,0.9870044,5.005142,CD4 T cells
0.89847857,15.070151,-2.4896278,10.52843,-1.1408697,11.705176,NK cells
0.15228301,15.191338,-2.7939627,10.09723,-1.2714996,12.631569,NK cells
12.173333,13.570807,8.6124,11.129388,10.400364,11.337533,FCGR3A+ Monocytes
14.324131,7.781613,12.432366,9.991549,12.931688,8.169958,CD14+ Monocytes
4.214311,-1.6697543,11.191666,4.3275137,6.2143006,-0.69261384,B cells
-1.5548784,4.4727364,0.700053,4.2982016,0.020253733,6.3449326,CD4 T cells
-2.6620905,7.768781,0.19552128,4.940952,0.9015004,6.9039035,CD4 T cells
0.18098682,5.770265,-0.81795436,2.9956045,-0.07182319,2.6676564,CD4 T cells
-1.5713203,8.927698,-1.9504274,5.8105245,-1.5136727,7.3321095,CD4 T cells
0.91863245,12.416981,-2.9386923,8.184818,-1.627055,8.919696,CD8 T cells
1.2944871,5.063138,-4.317616,2.9565315,0.27770287,2.944086,CD4 T cells
0.12543118,10.624379,-2.9583805,6.524873,-1.5733035,7.7840843,CD8 T cells
12.727626,8.993176,12.878505,11.160457,13.445791,8.941449,CD14+ Monocytes
4.8526354,-2.170413,10.608493,3.6443467,7.3434753,0.48202452,B cells
5.158058,-1.59831,11.515863,4.136247,5.446087,-1.0998073,B cells
-3.0239139,8.673175,-2.2271364,5.2651124,2.0010545,7.4661283,CD4 T cells
1.7543043,6.896337,-1.0592213,2.1788375,-1.0722365,5.2550673,CD4 T cells
-0.45409837,8.172911,-1.8775055,4.5746746,1.7011657,7.4231133,CD4 T cells
5.7509317,-2.7037263,9.771311,4.479152,6.7904596,0.07503367,B cells
-1.7479918,7.7231483,-0.91102403,4.7073827,0.59435624,4.9693666,CD4 T cells
12.957159,11.337862,10.826628,10.328666,11.428495,9.64559,CD14+ Monocytes
-1.0389704,6.8894253,0.16628432,3.6268976,0.4995476,4.4316287,CD4 T cells
12.296079,7.1231647,12.768769,10.167997,14.181858,8.730675,CD14+ Monocytes
12.034765,11.776087,10.561144,11.008187,10.556565,9.433395,CD14+ Monocytes
1.0426593,14.109649,-3.680776,7.8943367,-1.6734874,9.755375,NK cells
11.043618,8.264277,12.44908,8.9994755,11.761955,9.811234,CD14+ Monocytes
3.9317758,-0.4280286,9.259185,4.1001844,6.7275276,0.6164657,B cells
9.341834,7.555262,11.11172,7.8038883,10.466519,6.885109,Dendritic cells
1.3436753,3.5891042,-1.4704425,0.38159344,-0.37061313,3.4397948,CD4 T cells
12.784326,13.222108,9.361573,11.632649,11.240348,11.0008745,FCGR3A+ Monocytes
-0.5326077,15.115935,-2.3158698,10.414835,-1.5970585,12.139018,NK cells
-2.1592453,9.078572,-3.0566165,4.303303,-1.5416542,6.794182,CD4 T cells
1.4768573,11.033221,-2.432288,7.3307242,-0.42280948,7.8355527,CD8 T cells
1.3876684,6.3313313,-0.78241366,2.8800464,-0.326432,4.3254433,CD4 T cells
1.2786701,5.063599,-0.93046445,1.4036852,-0.45955512,3.0392697,CD4 T cells
0.45941338,11.633559,-2.6203418,6.638142,-1.4380325,8.6349,CD8 T cells
13.009851,8.082672,13.290585,9.965002,11.179139,8.314889,CD14+ Monocytes
-0.56710076,14.937343,-2.586312,9.663989,-1.1004858,11.287919,NK cells
5.0177054,-0.102839716,10.94019,4.807708,6.659323,1.0371697,B cells
12.993602,11.257756,11.31258,10.753717,11.660481,10.458805,CD14+ Monocytes
1.3375052,4.7119575,-1.3986784,3.049165,1.1215705,6.8565674,CD4 T cells
0.493327,9.559701,-0.39964083,4.9862986,0.69703627,8.114572,CD8 T cells
13.350626,7.8880267,13.12585,11.058614,13.732375,10.164281,CD14+ Monocytes
-1.1862942,7.805841,-0.38298258,2.064227,0.1920483,7.1563096,CD4 T cells
0.2623302,5.8967066,-4.4583454,3.01804,-1.5195177,4.906923,CD4 T cells
-0.36153445,4.3558774,-3.252237,4.119902,1.1562178,4.3135633,CD4 T cells
0.26688308,3.5245957,-0.5560146,0.37302253,0.5003928,3.2962582,CD4 T cells
1.2925023,12.003166,-3.0497916,7.165863,-1.9914924,8.6907,CD8 T cells
-1.0155491,8.814977,-0.058595974,3.6441998,-0.6066232,5.7945595,CD4 T cells
0.20797369,11.698769,-2.16342,7.2983947,-1.1720449,9.111666,CD8 T cells
-1.3733085,4.873901,0.19086464,2.4100318,2.9739456,4.275096,CD4 T cells
-1.43672,7.7545815,-1.9391176,4.3404994,0.5777557,7.571656,CD4 T cells
5.2553344,-2.8205676,9.939829,4.645587,6.994812,-0.23920861,B cells
13.004015,8.83818,11.680282,10.885055,12.491924,10.02467,CD14+ Monocytes
-2.9937804,7.656352,-1.8499603,4.9245768,1.9359998,3.7857158,CD4 T cells
14.153512,8.754341,11.802264,11.440429,12.849821,7.2561474,CD14+ Monocytes
13.249861,9.838506,11.526874,11.223764,12.528824,8.574734,CD14+ Monocytes
0.7943674,5.8826785,-3.4326363,2.471375,0.22905304,3.6394732,CD4 T cells
-0.10279857,3.2360673,-3.1483994,3.493417,1.2818086,4.874762,CD4 T cells
0.64347285,4.499909,-0.39167666,0.61848396,1.2957876,6.687896,CD4 T cells
-0.60802686,11.00189,-2.2389777,6.778557,-1.5998722,7.6592064,CD8 T cells
12.181606,13.459293,9.095051,12.679547,10.338309,10.714426,FCGR3A+ Monocytes
3.163318,-1.6556557,10.156806,3.8949032,5.5473084,0.16960494,B cells
0.7596279,11.328648,-2.5893505,6.798468,-0.803316,8.690395,CD8 T cells
-0.048351243,15.209627,-3.081281,9.906143,-1.6410345,12.032027,NK cells
0.706581,16.158985,-3.467416,10.249373,-2.0086548,12.381539,NK cells
1.0592695,12.869922,-3.1806684,8.494117,-1.901728,9.372113,CD8 T cells
3.0744326,-1.004822,11.077783,3.5924838,6.9889283,0.6188962,B cells
14.071152,8.385937,12.743684,10.607849,13.474889,7.2849336,CD14+ Monocytes
-0.8205028,5.0199404,-3.0966868,2.7850533,0.638998,3.5384297,CD4 T cells
0.561927,3.7094297,-0.82634777,0.12125359,-0.46702054,3.1435094,CD4 T cells
10.033636,8.001687,11.233176,7.3996024,10.641602,7.143579,Dendritic cells
12.466989,13.147212,9.41627,12.366459,10.059708,10.284612,FCGR3A+ Monocytes
-0.790847,7.107963,-1.7117811,4.673246,2.2970753,7.5208116,CD4 T cells
-1.2077826,11.414121,-2.7237813,7.2262664,0.0002575425,9.640961,CD8 T cells
0.35302064,15.509288,-3.5262802,10.096365,-2.5286849,11.744417,NK cells
0.58502233,5.5143456,-3.2164953,1.3670458,-0.3053503,5.68652,CD4 T cells
4.4234495,-1.9805228,8.913766,4.0634155,7.771689,-0.4229462,B cells
4.8071265,-3.2415392,11.436679,3.98082,7.883087,-0.07064543,B cells
12.197851,7.5208445,11.263056,9.843217,12.8012495,7.825602,CD14+ Monocytes
-0.22083011,9.300531,-0.83477014,4.418581,-2.3507204,5.261601,CD4 T cells
12.5176,13.134424,9.539743,11.744764,10.437665,10.420017,FCGR3A+ Monocytes
13.276697,9.910682,11.504168,10.300119,11.5897455,7.881664,CD14+ Monocytes
1.6630493,5.4136567,-1.6624771,1.2960279,0.6801823,2.7763364,CD4 T cells
1.0666245,6.051066,-2.1705012,3.1444418,1.253034,4.934641,CD4 T cells
12.519965,10.516725,11.117068,10.210972,11.687927,9.448184,CD14+ Monocytes
3.6820233,-1.0106709,9.895245,5.0667753,7.8221188,0.27077025,B cells
1.8014063,4.505727,-0.16111976,2.8108218,-0.74005824,4.663174,CD8 T cells
13.829025,8.686275,12.712209,11.681269,13.685295,7.781282,CD14+ Monocytes
0.80174077,14.865272,-2.2207682,10.132777,-1.0390432,12.548776,NK cells
4.6524243,-1.0629423,10.241255,4.1128306,5.5681825,-0.28138486,B cells
-1.7610079,7.7094398,0.072786406,5.1534023,-0.02236943,5.8036366,CD4 T cells
0.8082297,4.2367134,-3.7536,1.4915501,0.5358066,3.60174,CD4 T cells
-1.5372301,7.2171564,-0.10440176,4.927175,-1.8687915,7.381568,CD4 T cells
1.5456208,12.170878,-3.3279898,6.4991956,0.32533067,9.401791,CD8 T cells
-1.7512443,5.2794337,-2.2437232,1.7774451,-2.0174634,4.716016,CD4 T cells
0.32462,4.1879187,-1.0918843,0.55639035,0.47489488,3.3931649,CD4 T cells
1.6554685,4.4895067,-1.0961782,1.9408597,2.4772446,3.9819512,CD4 T cells
14.44903,8.200867,12.774433,9.764501,13.302064,7.0449433,CD14+ Monocytes
13.910509,8.699042,13.40348,9.634572,13.237621,9.218631,CD14+ Monocytes
-1.9753144,4.379488,-1.1208507,2.177717,-1.1122493,4.895975,CD4 T cells
-0.91308165,11.725257,-1.3906204,8.063549,-0.5591996,8.999746,CD8 T cells
0.3712024,8.065775,-2.5258882,5.312075,3.0036695,6.967599,CD4 T cells
3.9631622,-2.6093566,10.441298,4.6076913,6.264202,-0.5636486,B cells
11.245767,8.148577,11.916964,8.8050165,12.357138,8.253878,Dendritic cells
12.131058,13.395657,9.707974,11.806969,11.625602,10.414506,FCGR3A+ Monocytes
0.3976876,11.900368,-2.2072413,7.069075,-0.74976826,8.787954,CD8 T cells
-0.69572425,3.1030908,0.4407616,1.8014066,1.0297894,2.5454848,CD4 T cells
4.46869,-2.116919,9.936291,4.7815995,7.1744986,1.123678,B cells
5.439992,-1.4250973,11.443638,2.982775,5.6569386,0.56877655,B cells
0.08679375,5.1421804,-3.3914075,2.727193,2.4419353,4.602691,CD4 T cells
12.442517,9.926431,10.68347,9.877277,12.111121,9.027184,CD14+ Monocytes
3.5301933,-1.2765467,11.054303,3.1774828,5.101737,0.4980611,B cells
-1.563419,6.900115,-2.4690275,5.179326,-0.06136189,7.3606815,CD4 T cells
11.74643,8.720556,10.389764,9.91833,11.06655,9.075939,CD14+ Monocytes
10.941847,13.532253,8.663217,11.677385,10.519031,11.18219,FCGR3A+ Monocytes
-0.450933,7.4671564,-3.8135293,3.8321087,-0.38879153,3.035511,CD4 T cells
-1.4444387,5.493574,-0.58362615,4.311092,2.4709466,5.195283,CD4 T cells
-1.3428272,3.8817587,-1.9330933,2.7211804,-1.2862107,3.9642239,CD4 T cells
-0.6251978,11.534592,-2.0005112,6.158228,-1.5431155,7.674437,CD8 T cells
4.412819,-3.4219663,9.123372,3.2086651,5.8113885,-0.65250075,B cells
1.1004286,15.607536,-2.1944525,9.799525,-1.7402381,11.902166,NK cells
-2.6612475,5.202579,-3.0801616,2.4841363,0.97468686,5.512206,CD4 T cells
3.9474256,-1.5629644,10.123142,4.8667574,5.1996837,-0.94526315,B cells
0.26725328,11.531579,-2.9786286,7.00269,0.06527061,9.218335,CD8 T cells
11.452914,9.229682,11.184174,8.8959465,12.204271,8.684585,CD14+ Monocytes
12.762721,10.015754,12.04968,11.612952,11.836089,8.278367,CD14+ Monocytes
4.186639,-3.1090662,10.447204,3.3161504,5.9105906,-1.558643,B cells
3.3632898,-0.66029793,9.194873,3.7663484,5.5934377,-0.966246,B cells
11.650302,13.265074,9.420215,12.18873,11.922294,10.861054,FCGR3A+ Monocytes
0.10970982,6.373681,-1.646247,3.6565,1.0801402,5.8959475,CD4 T cells
13.090634,9.215164,12.423977,11.387513,11.715321,9.053388,CD14+ Monocytes
13.756272,7.3834352,13.126526,11.416537,12.580593,8.161473,CD14+ Monocytes
-0.1450556,15.921008,-2.8279922,10.932062,-0.98043823,12.094862,NK cells
-0.81501615,4.1570435,-3.6499012,2.5875442,1.2866923,5.6299677,CD4 T cells
-0.4157845,5.9975743,0.77352285,0.9137769,0.55297875,2.485021,CD4 T cells
-1.8744504,6.4851704,-2.359725,3.9923491,0.81525517,6.670477,CD4 T cells
-1.0404322,8.363959,-2.804636,3.542898,-0.8051,7.418301,CD4 T cells
9.110306,7.4246073,10.7604,6.4288564,9.945415,6.3661666,Dendritic cells
-0.35570955,4.731773,-0.08818136,2.1697884,1.5536265,2.8187077,CD4 T cells
-1.9431481,7.5623417,0.92682266,3.41819,-1.3309597,3.6463532,CD4 T cells
4.6616406,-1.3792958,10.104701,4.4556956,5.618953,-0.59214884,B cells
14.381756,8.325733,13.61257,10.01372,13.842908,9.369774,CD14+ Monocytes
-2.1696677,7.133006,-2.9944394,3.4297462,0.33514044,6.363606,CD4 T cells
13.416599,9.358079,11.980895,10.2354355,12.846543,9.26747,CD14+ Monocytes
0.6638524,10.545463,-3.328806,5.698117,-1.559342,8.074138,CD8 T cells
12.866953,13.540044,9.184479,11.624975,10.76823,10.898069,FCGR3A+ Monocytes
0.07464457,5.74877,-0.0452708,2.5504174,0.9266547,6.0604973,CD4 T cells
0.3594579,11.720926,-1.860682,7.4483833,-0.47513786,8.602553,CD8 T cells
-2.207157,4.319195,0.506933,1.8905257,0.76192945,2.7999935,CD4 T cells
1.6580821,4.495308,-2.2482414,0.41539204,0.44428366,3.207906,CD4 T cells
-0.39374453,3.0358772,0.46404746,3.5588894,-0.9589692,2.6932464,CD4 T cells
-1.0527794,3.909711,-0.051989377,2.126994,2.1316335,6.9453106,CD4 T cells
1.0379725,5.2429357,-1.791052,1.6369413,2.0691068,4.125487,CD4 T cells
11.535894,12.151674,10.019819,11.554781,10.523341,10.393356,FCGR3A+ Monocytes
4.886358,-0.6063101,11.195625,4.76116,6.4710793,1.6749818,B cells
0.80097294,14.345853,-2.9929214,9.213345,-1.4529256,10.637951,NK cells
-0.98818153,3.436793,0.29396987,3.1548865,1.4792154,4.5073805,CD4 T cells
-0.12514812,8.3755,-0.31004363,4.667592,-1.8411812,4.661456,CD4 T cells
1.3925859,3.6632836,-1.7642444,0.3049531,1.7335453,2.8362927,CD4 T cells
1.4426942,14.731905,-2.1231616,10.308938,-2.2879379,10.830925,NK cells
1.5340984,7.6084933,-0.10590056,3.3608909,1.0260692,2.983024,CD4 T cells
-2.9082654,8.587449,-0.21763158,4.8962007,-2.097595,5.5597196,CD4 T cells
0.0014746403,6.939058,-0.98525506,3.8693633,0.42417118,3.836476,CD4 T cells
2.0103705,4.4394684,-0.18986115,0.36078194,-0.8979345,3.1182446,CD4 T cells
0.4239634,5.051552,-1.5819141,1.005488,-1.49204,4.128348,CD4 T cells
1.8779444,7.068364,-2.1111898,2.6336064,1.9698727,3.658892,CD4 T cells
-2.465659,7.8478246,-1.7171571,4.584339,1.3230429,4.7638125,CD4 T cells
13.29848,10.396433,10.519887,10.220927,12.618379,9.634933,CD14+ Monocytes
-0.2785567,3.128278,-0.41397393,1.7925979,-0.9361835,3.9263866,CD4 T cells
-1.1968324,5.5104785,-2.5577147,2.6771061,0.36975303,5.310492,CD4 T cells
11.769743,13.998922,9.21489,11.840763,11.6771555,11.651914,FCGR3A+ Monocytes
-0.36453885,4.8616467,-0.5041505,1.190432,-0.97810584,5.421273,CD4 T cells
11.585865,11.143696,11.191771,11.855366,10.740639,8.963942,CD14+ Monocytes
-1.9440812,10.024727,-3.3968635,2.8264914,2.0145147,6.4830365,CD4 T cells
-0.20404087,6.7729993,-2.112245,2.6266255,1.0001678,3.8919926,CD4 T cells
-1.2838413,5.109335,0.4527491,0.76956725,-1.0022575,3.0109475,CD4 T cells
1.7782955,5.7679462,-2.3142045,0.57558876,0.08266488,4.674095,CD4 T cells
0.029595101,11.794727,-2.587702,7.11812,-1.0658098,8.674212,CD8 T cells
4.1296816,-0.59339243,9.834322,4.8925953,6.8554554,0.45765114,B cells
0.62579703,7.9524,-1.6061077,4.892899,-1.0071067,5.3900857,CD4 T cells
11.343804,13.020842,9.614281,10.423396,11.151972,10.810233,FCGR3A+ Monocytes
0.6299847,11.446731,-1.9903786,7.0431495,-1.6513051,8.512134,CD8 T cells
-1.1057892,7.299153,-1.187023,4.3916783,1.0075622,5.83076,CD4 T cells
-2.7776625,7.884278,-1.5489475,4.200019,1.5657679,7.5207157,CD4 T cells
-1.0319139,5.3839746,-0.77707183,3.238814,-0.80838025,5.2386956,CD4 T cells
0.57049704,4.812456,-1.4613048,1.3578769,1.4969767,2.6725893,CD4 T cells
-2.185586,5.214495,-0.94430643,2.3623931,1.5199808,5.7540903,CD4 T cells
1.523636,13.546605,-2.777378,8.671361,-0.460568,10.637372,CD8 T cells
5.4727945,-2.6546907,10.804649,4.148114,6.4335175,0.788962,B cells
0.9215866,15.606901,-3.127439,10.233627,-1.7273185,12.173423,NK cells
-1.3956182,5.8955956,-1.0376978,5.1419983,2.352956,6.1789894,CD4 T cells
-0.19903976,10.8627615,-0.7860136,6.0846133,-0.8600349,7.7193046,CD8 T cells
1.1501005,6.8261366,-3.8430378,3.0127652,-1.3531626,4.363402,CD4 T cells
-2.487983,7.5343237,-3.3571112,4.618058,1.5781901,5.4040546,CD4 T cells
2.627604,6.2967997,-1.7683516,1.1457998,1.8966227,4.0684714,CD4 T cells
0.35370025,6.3864822,-0.0640885,1.9571681,1.201771,3.8850067,CD4 T cells
0.2158494,16.270569,-3.7037938,10.671325,-1.4351125,12.381349,NK cells
0.94450027,5.0692453,-2.4445,2.2472062,1.3234419,5.1550364,CD4 T cells
-0.18864015,10.425618,-0.05395099,5.709489,-0.89271116,7.7432632,CD8 T cells
0.07723563,11.956321,-2.244815,7.645503,-1.1501719,9.364978,CD8 T cells
0.25482276,8.461452,-3.5064597,4.812588,-2.0251448,5.3784213,CD4 T cells
-3.1696157,8.178032,-2.7481418,3.9453657,2.2575781,5.4027658,CD4 T cells
12.012627,6.9605975,13.277418,11.717762,13.607784,9.091365,CD14+ Monocytes
-3.1794574,7.940076,-3.2722926,5.0006995,1.3062738,7.3996954,CD4 T cells
3.762718,-2.9435391,9.643655,3.135343,7.8458986,-0.2562416,B cells
12.660184,10.67444,11.041953,11.061112,12.215097,7.4091635,CD14+ Monocytes
-0.09605112,11.984572,-2.3271594,6.7046466,-1.1995481,9.384238,CD8 T cells
12.295586,10.787119,10.864462,10.9377575,12.339524,8.643373,CD14+ Monocytes
5.2821136,-1.4233466,10.884908,5.1437507,6.0739126,0.8584542,B cells
-0.6636817,10.984981,-0.52635115,6.335456,-1.0064529,8.103985,CD8 T cells
12.414579,11.98184,10.471949,11.3748,11.200861,10.487923,CD14+ Monocytes
1.0158887,8.756042,0.8221844,2.5324962,-1.5914334,4.558565,CD4 T cells
1.4971938,3.7747715,-1.1824769,2.109049,1.5580233,4.1841927,CD4 T cells
5.131358,-1.3741765,10.522282,6.003763,5.495216,1.152193,B cells
12.632535,9.77069,11.842273,9.949378,11.380868,8.370065,CD14+ Monocytes
13.233792,10.890116,10.986463,10.743471,11.946219,9.347543,CD14+ Monocytes
1.8612428,6.2269535,-1.7496067,1.3584723,0.77561176,3.990398,CD4 T cells
-0.2382475,8.484901,-2.1944702,5.517698,0.39856046,7.3111167,CD4 T cells
-0.44394186,8.000182,-1.1080543,5.1791234,-0.3812543,7.964441,CD4 T cells
-0.103391856,14.09048,-2.0083375,9.902664,-1.2028786,10.985753,NK cells
3.9738822,-0.52299106,10.962306,4.5157747,5.515574,-0.17916743,B cells
-0.58566904,8.498502,-0.29441833,2.5157652,1.1310563,7.6518874,CD4 T cells
1.3115941,6.2620792,-2.7364228,2.968348,2.6756396,4.1562448,CD4 T cells
0.40219396,5.428631,-2.2098558,2.9101505,-0.34230897,4.87431,CD4 T cells
-1.9025339,5.013005,-1.1920446,1.7520945,0.3785257,3.7896867,CD4 T cells
3.8074584,-0.9681773,9.025436,4.5481906,5.316153,-0.8244814,B cells
0.55619574,12.315604,-2.5687313,7.7983055,-1.1320757,8.98379,CD8 T cells
-1.8481264,9.1948,-1.8520738,6.14929,1.7247143,7.7920103,CD8 T cells
11.559704,12.816096,9.970282,11.412782,11.586016,10.86991,FCGR3A+ Monocytes
12.142701,14.277264,8.944349,12.020144,10.6471615,11.651723,FCGR3A+ Monocytes
1.2039402,6.7998443,-2.3300536,1.2593842,3.1426678,6.785917,CD4 T cells
-0.22123921,14.182898,-3.112375,9.320298,-1.3650753,10.750155,NK cells
-2.1833458,4.749394,-3.9253278,3.603335,-1.5060396,6.228959,CD4 T cells
-0.9418527,8.984753,-3.0723133,3.5160325,0.92320025,7.0111704,CD4 T cells
-0.46376514,11.473314,-1.717745,7.2300057,-1.2283332,8.952878,CD8 T cells
1.0930313,8.159946,0.8393439,2.9357932,-0.17799139,6.9379787,CD8 T cells
2.2239358,4.765692,-2.4699264,2.7114034,0.35704625,4.130745,CD4 T cells
-2.279311,7.898334,-1.7835151,5.4277077,1.5216583,7.0102706,CD4 T cells
0.885743,4.4744806,-1.8850511,0.16960986,0.25442606,5.369083,CD4 T cells
0.14782484,8.502105,-1.6501594,4.2838764,-1.278288,6.7862506,CD4 T cells
13.639871,10.330221,12.502085,11.261842,12.793274,7.3738127,CD14+ Monocytes
11.005776,13.048257,9.413291,11.574497,10.917114,10.669402,FCGR3A+ Monocytes
0.4107087,3.5003836,-3.2646503,0.986644,0.4396082,2.5207794,CD4 T cells
-0.4451246,11.391895,-3.0530372,7.6852083,3.3806958,4.5598326,CD8 T cells
9.091114,12.586094,7.5132103,9.238209,13.320899,13.012995,Megakaryocytes
10.895733,14.194313,8.787899,11.775688,10.976607,11.8645935,FCGR3A+ Monocytes
1.4171454,6.379028,-3.275196,2.0289638,1.2152483,4.103735,CD4 T cells
-0.0019024971,8.463326,0.7353419,3.1562917,-0.049514245,6.355093,CD4 T cells
13.40679,8.647033,12.662874,10.892405,13.024497,7.3864183,CD14+ Monocytes
-1.0373532,5.040601,-1.3206669,0.37470433,0.09810749,4.3481755,CD4 T cells
13.343004,7.3445835,13.380596,9.427747,13.608876,6.964764,CD14+ Monocytes
-1.3931795,9.000328,-1.3429524,5.175839,2.6186266,6.7912025,CD4 T cells
-2.2948458,5.520626,-3.7341018,2.3118804,1.4862815,7.0109286,CD4 T cells
13.683397,7.6949863,12.63787,8.931804,13.3832855,8.114871,CD14+ Monocytes
0.96908516,11.442915,-0.91935974,7.203294,-0.8315213,8.579464,CD8 T cells
-0.61782813,3.404188,0.81764174,3.667896,0.53900045,4.879174,CD4 T cells
0.3751782,7.0277467,-1.6349255,4.8488455,-1.1152114,6.4447947,CD4 T cells
0.6395082,12.360691,-1.7237291,8.52487,-1.4167194,10.025416,CD8 T cells
1.7858442,4.6239667,-1.8113548,0.44087493,-0.90551883,4.9016037,CD4 T cells
-0.77787787,13.008109,-2.4872468,7.65238,-1.3917468,9.578347,CD8 T cells
0.16883351,8.342554,-3.201904,4.07186,2.743101,5.5883617,CD4 T cells
3.8374617,-2.97734,10.558211,4.1230435,6.525916,-0.39610234,B cells
-1.3239002,3.061137,-0.6984207,0.29756355,-0.013812224,4.274951,CD4 T cells
13.730421,7.836698,12.224492,9.044529,14.349684,9.832443,CD14+ Monocytes
0.3010854,6.4724517,0.8144155,3.3049505,1.5324624,6.1668735,CD4 T cells
-0.7268601,3.25002,-0.10900884,1.7469366,0.46136966,2.7931478,CD4 T cells
-1.3478596,5.806799,-0.5101219,3.8998115,0.31694376,4.531837,CD4 T cells
1.0796233,8.474787,-3.1554728,3.853577,0.63385683,6.4619536,CD8 T cells
-2.6084332,8.451159,-0.64733106,4.8575926,-1.1356586,6.714069,CD4 T cells
4.395808,-2.8127816,11.817932,4.0534506,7.7368855,-1.0456085,B cells
12.713737,12.8959,9.6156435,12.213089,10.8175955,11.592272,FCGR3A+ Monocytes
-0.9926305,7.096891,-1.7443358,2.7480168,-0.3501267,5.629777,CD4 T cells
5.2241354,-2.4314947,10.41034,4.788122,6.6208634,1.050408,B cells
1.6037856,5.868191,-1.3638994,2.7000484,-0.110777,4.0533304,CD4 T cells
-1.6324335,8.260756,-3.2293096,2.252293,0.9243688,5.895225,CD4 T cells
12.621091,10.871208,10.691739,10.017271,12.502116,8.266141,CD14+ Monocytes
-1.4690741,5.279244,-2.739666,4.110288,1.945468,6.4550157,CD4 T cells
13.09121,9.217282,12.172762,9.971873,12.45096,8.101509,CD14+ Monocytes
9.504892,7.7010503,10.87031,6.4630294,10.429347,6.9636602,Dendritic cells
-0.8466929,12.645976,-1.396426,7.8229895,-0.78391683,9.459349,CD8 T cells
9.065363,7.403157,10.515163,6.4633555,9.933577,6.295386,Dendritic cells
13.079691,10.318357,10.960682,10.895157,11.457199,8.19334,CD14+ Monocytes
-1.8767587,6.496404,-2.591343,2.8819988,2.1057937,6.923393,CD4 T cells
14.09415,8.435131,12.415143,9.363498,13.923891,9.843269,CD14+ Monocytes
0.36426607,4.9185805,-2.021104,1.0825454,1.7998962,2.6702836,CD4 T cells
-1.4072942,7.3280435,-4.3066683,3.465166,-0.60868603,4.765243,CD4 T cells
1.1335514,2.715454,-0.35475472,0.38859245,-0.17728561,2.6911411,CD4 T cells
12.359912,8.655528,12.487814,11.561388,12.334102,7.357003,CD14+ Monocytes
13.366422,8.907686,12.374099,11.863856,13.833382,8.412534,CD14+ Monocytes
5.2797785,-3.0977528,11.06042,3.641099,5.699856,-0.8472227,B cells
5.066117,-0.26211727,9.408597,4.870781,5.8884954,0.85173404,B cells
14.062035,7.558445,13.067446,10.638822,14.372522,7.4089484,CD14+ Monocytes
13.101894,7.9658227,12.731273,11.481105,14.37197,8.719167,CD14+ Monocytes
11.628033,11.566134,10.64714,11.8232355,10.845453,9.934861,CD14+ Monocytes
-0.53005815,15.224264,-2.3832672,10.726597,-1.0479909,11.857311,NK cells
-1.9867069,8.155591,-2.3815627,3.254895,-1.8760674,4.846402,CD4 T cells
-0.27760303,4.75756,-3.9819095,3.740423,0.21038634,4.5573525,CD4 T cells
3.1226861,-2.4374583,10.162744,2.8490028,6.376709,-1.1312851,B cells
-1.2212228,5.031091,-3.6784506,3.9417608,1.8756583,3.6082087,CD4 T cells
0.51764166,7.2002106,-3.4258838,4.367022,1.4637194,5.6884537,CD4 T cells
13.048056,8.367051,12.699438,10.779874,12.775187,8.249378,CD14+ Monocytes
12.638811,8.905304,12.119612,12.433509,11.695266,9.143173,CD14+ Monocytes
-2.6773088,7.8177705,0.9185422,1.8914174,-0.40413174,5.0742955,CD4 T cells
-0.63458306,4.8489127,-2.7804565,2.693775,0.80183667,2.6511576,CD4 T cells
-1.8111918,6.144705,-1.1125315,4.2176585,-0.23751047,6.3684053,CD4 T cells
11.904838,11.448096,10.940002,11.410095,10.325231,10.141916,CD14+ Monocytes
-0.35751677,6.248193,-1.130071,2.359264,-1.0228214,4.3006816,CD4 T cells
14.080346,9.796008,13.210147,10.241698,12.744069,9.518231,CD14+ Monocytes
1.2005056,11.3358965,-1.4763219,6.9312444,-0.21238644,8.963911,CD8 T cells
-0.40070722,3.2862933,-1.9272856,0.48056817,2.340858,3.4521503,CD4 T cells
-1.7235731,6.056882,-3.404438,2.2701669,0.77737176,5.221006,CD4 T cells
11.975607,13.835469,9.954325,11.422047,11.568542,11.720256,FCGR3A+ Monocytes
1.3863206,3.7909129,-0.41058335,1.6835067,-0.75986147,3.1080112,CD4 T cells
-0.5051105,6.1736217,-2.1713455,2.7245471,-1.0609186,4.5774593,CD4 T cells
-0.5095214,5.3109818,0.14728694,3.7665482,1.3561028,4.3158035,CD4 T cells
-1.3228457,4.1292777,-1.2801468,0.9737208,0.5086576,5.4418774,CD4 T cells
12.898161,8.58555,12.091187,10.706994,13.127936,7.827613,CD14+ Monocytes
14.2310295,7.995888,12.484831,11.818487,13.941267,7.271643,CD14+ Monocytes
-1.3027376,3.7665079,1.013806,2.3189251,-1.0618861,4.5295243,CD4 T cells
0.9224182,8.174257,-3.3834476,4.2761946,2.882455,4.2158136,CD4 T cells
0.061399013,3.9829564,-1.0447974,0.80658376,1.9959205,3.2353704,CD4 T cells
12.523483,8.816235,12.286178,10.766757,11.817847,7.7944865,CD14+ Monocytes
11.237429,13.5277,8.687627,10.59015,11.462263,11.576179,FCGR3A+ Monocytes
-1.5919368,7.515411,-1.1945201,1.8907255,2.874407,6.0084705,CD4 T cells
-1.4713209,4.4966726,-1.6230892,3.0960352,1.2054174,3.177903,CD4 T cells
-0.68215626,11.47663,-1.3338003,6.8483224,-0.8091535,7.69776,CD8 T cells
0.15038258,10.15464,0.060648706,5.2210097,-1.1658587,8.064231,CD8 T cells
0.8687543,4.2953286,-1.8774903,2.1985834,3.6393883,4.7230353,CD4 T cells
4.825621,-1.9603038,10.150451,4.6122804,6.1137366,0.040545654,B cells
8.800649,12.459773,7.247964,8.97289,13.304081,13.015598,Megakaryocytes
1.3760202,11.478064,-2.898476,7.335655,-0.124579675,9.585586,CD8 T cells
3.4381945,-2.8187146,9.34182,3.803471,7.676453,-1.0971037,B cells
12.359512,14.173831,8.902375,12.048259,10.342646,11.395277,FCGR3A+ Monocytes
0.7598971,8.3585415,-1.0845652,3.1735337,-0.9782092,6.4357343,CD4 T cells
12.438557,10.577201,11.138537,12.522193,13.033317,7.9051104,CD14+ Monocytes
11.664574,14.224386,8.62112,11.408611,11.365953,11.885794,FCGR3A+ Monocytes
1.0542849,15.948657,-2.1735542,10.906452,-0.57513595,12.078174,NK cells
4.655147,-1.371739,10.223135,4.618635,6.885919,0.07006278,B cells
4.534698,-2.1340244,9.628717,3.9153397,6.495886,-1.2630897,B cells
5.031744,-2.6317875,10.960194,4.764891,6.652999,0.09904112,B cells
4.0955887,-1.9593513,10.803442,5.4952564,6.7128043,1.1139966,B cells
1.000613,11.293554,-3.19497,6.860887,-2.0220754,8.73584,CD8 T cells
12.936947,9.10756,12.087685,9.671132,14.277113,8.657819,CD14+ Monocytes
-1.2868359,4.242102,-0.6576121,0.69738257,1.2978523,4.393284,CD4 T cells
1.6400902,13.0845375,-2.4619956,8.374759,-2.4323907,10.228346,CD8 T cells
12.083582,14.284376,8.111978,11.026487,10.843365,11.62351,FCGR3A+ Monocytes
5.324997,-1.6732742,9.052072,4.5605497,6.136051,0.69931614,B cells
0.8352713,11.063367,-2.478307,6.762923,-1.6908169,8.511791,CD8 T cells
-0.66356134,3.644807,-0.37835395,1.4395596,1.9287618,5.450954,CD4 T cells
5.087757,-0.08512109,9.268185,4.7784247,5.780667,1.3367221,B cells
14.104796,7.608137,12.588059,10.509692,13.723356,8.506007,CD14+ Monocytes
0.9118387,7.676791,-1.4384562,3.9861512,-0.6531746,6.4282684,CD4 T cells
5.1393347,-2.1512096,9.409826,4.32331,6.2258577,-0.64966345,B cells
2.2187157,7.163081,-1.897545,3.8656063,2.5661774,6.036648,CD4 T cells
0.9005568,5.5540996,-1.0273395,3.3560884,0.5690957,4.239272,CD4 T cells
-0.5094463,2.987358,-2.8185751,2.6969047,-1.3210642,3.1966922,CD4 T cells
13.401055,9.508214,11.704698,10.849661,12.534291,9.515292,CD14+ Monocytes
12.491135,8.183517,13.250458,9.420341,13.488314,9.753788,CD14+ Monocytes
12.532943,8.333076,12.851192,9.5468235,13.455812,10.062714,CD14+ Monocytes
13.004814,8.131821,12.704132,10.43962,12.668574,7.9625144,CD14+ Monocytes
-0.1028584,7.1572847,-1.6522294,3.1007628,-0.60094476,5.348839,CD4 T cells
5.1525464,-1.890817,10.885833,2.9000697,6.245247,0.3199576,B cells
2.815104,6.5660253,-1.705569,1.0249671,0.8275089,3.8711708,CD4 T cells
14.218219,7.550056,12.333514,12.262552,13.46008,7.2507954,CD14+ Monocytes
13.662479,9.928767,12.477822,9.3826065,14.303171,9.770143,CD14+ Monocytes
11.427645,9.413209,10.187564,11.1587,12.045608,8.738514,CD14+ Monocytes
-0.7460948,11.481964,-0.8097337,6.6435304,-0.11472339,8.265077,CD8 T cells
0.076828375,8.625628,-1.4092993,5.411106,0.036968976,7.43027,CD4 T cells
-1.8993502,6.4201303,-0.04322323,1.9778707,0.08435991,5.9542265,CD4 T cells
11.868138,12.678245,8.459562,11.099561,10.161297,10.423657,FCGR3A+ Monocytes
0.28799266,7.778075,-0.3009513,3.9072297,0.06502925,3.356276,CD4 T cells
0.3350497,6.3060875,-0.98429745,3.1671748,-1.4539881,4.756987,CD4 T cells
11.813233,11.229137,12.138022,11.441901,12.297888,10.741136,CD14+ Monocytes
2.39848,6.7855754,-0.6418039,0.864734,-0.77182245,5.5454783,CD8 T cells
0.5388254,10.414265,-1.9579611,6.673157,-1.9789978,8.098397,CD8 T cells
-0.3790004,15.852478,-2.4692163,10.932761,-1.0369911,12.340084,NK cells
0.7302829,9.504895,0.34384704,3.513467,-0.99993414,6.813606,CD8 T cells
0.20776223,5.7881904,-0.9531381,2.1687393,0.3606129,4.1424975,CD4 T cells
-0.17928076,11.307615,-2.1045282,7.9607677,-0.96825206,9.045335,CD8 T cells
3.5720453,-1.951488,11.22227,3.3385925,6.1321187,0.20742539,B cells
5.4325933,-0.51358366,10.433663,4.063189,5.8585396,1.3431137,B cells
4.173899,0.37120748,10.359845,4.0011015,5.984787,0.03588692,B cells
1.1574062,16.160875,-3.5474403,10.721707,-2.6565993,11.702469,NK cells
3.791811,-2.2847755,11.188495,4.416723,6.7775383,-0.53934664,B cells
12.335704,12.357501,9.962718,11.184059,10.30343,10.10495,FCGR3A+ Monocytes
1.730134,7.1700034,0.022484869,3.7833848,0.18596603,4.6963353,CD4 T cells
1.9423877,4.7033024,-0.6355904,1.9612128,2.4874601,4.209823,CD4 T cells
4.185599,-2.9483764,9.983293,3.4206936,6.530138,-1.3792945,B cells
-0.92593086,2.9646082,-2.729113,0.5946724,-0.9096688,4.3345327,CD4 T cells
-0.3495018,7.0099497,-0.7423453,1.7685958,1.4092157,6.5046644,CD4 T cells
0.46709922,14.831157,-2.2354245,10.397616,-0.70244014,11.521298,NK cells
-1.3264289,2.8342345,0.48864582,2.1251044,-0.5619898,4.5619683,CD4 T cells
0.7742432,3.7515888,-0.4109234,2.3788118,0.26702413,4.108442,CD4 T cells
1.3424306,6.1115103,-2.3606594,2.5909219,-1.7417241,3.8820372,CD4 T cells
-1.5877486,6.86414,-3.7419035,3.2042499,0.15195037,6.7274623,CD4 T cells
1.2845829,15.436098,-3.6505919,10.059725,-2.3367321,11.961749,NK cells
11.464633,9.325967,11.431492,10.182233,12.660654,7.9448347,CD14+ Monocytes
4.251392,-2.3997548,11.600093,5.0025153,6.7632055,-0.59030575,B cells
1.1701425,7.210217,-2.620091,4.761998,-0.14072353,6.2607408,CD4 T cells
4.180756,-1.1251235,10.666287,3.163641,6.549171,0.4763309,B cells
-0.92626554,5.0499716,0.16923957,3.3749015,1.4193457,6.37529,CD4 T cells
11.605489,10.05084,10.788636,10.202121,12.745323,8.690745,CD14+ Monocytes
4.602591,-1.7520826,10.33197,3.635551,6.6040387,-1.1115191,B cells
-0.68199986,6.8595533,-1.4656328,3.7452571,0.8901303,5.1188745,CD4 T cells
0.40085775,4.710537,-3.6143823,2.7872598,0.4849929,4.6950226,CD4 T cells
13.566613,8.66508,12.551653,9.727631,14.015641,8.859472,CD14+ Monocytes
12.285718,10.558069,11.908629,12.292183,11.51924,7.3293953,CD14+ Monocytes
12.084418,10.397406,11.421226,10.452061,12.011405,8.552076,CD14+ Monocytes
0.7297402,6.548781,0.54635,3.7724516,-1.4690206,3.6177778,CD4 T cells
4.0374804,0.14036216,11.121151,3.2401817,5.778732,0.1820909,B cells
0.67013085,3.3933423,-2.76675,1.7986879,-0.98257023,3.192517,CD4 T cells
-0.967172,5.4588013,-1.2154329,3.0750418,-0.15838642,6.260275,CD4 T cells
0.6553509,10.260575,-2.3489916,6.2666793,0.19146854,8.614955,CD8 T cells
4.0326686,-2.4375596,9.052092,4.076295,6.1934996,0.55289376,B cells
-1.7224737,7.275939,-2.2867575,3.5278318,-0.8068493,6.6841097,CD4 T cells
0.25669098,14.478076,-3.6954913,9.346109,-1.6243478,10.543758,NK cells
4.5312066,-2.7512293,9.589324,3.2181065,8.074997,0.08494927,B cells
0.75668454,15.707812,-2.5789626,10.864592,-0.8132275,12.463341,NK cells
-0.20418255,7.568528,-1.4111552,2.922733,2.636467,6.4367995,CD4 T cells
0.115082845,8.217226,-0.16040401,4.1364403,-1.3490574,6.4895997,CD4 T cells
-2.1246204,6.753614,-3.2492018,2.7928507,-1.5220664,4.72661,CD4 T cells
-0.103858136,6.580978,-0.6716772,4.0592813,-0.7559566,5.3073683,CD4 T cells
9.769232,7.929871,11.585984,8.549523,10.615537,7.131374,Dendritic cells
-1.411291,10.179897,-0.050690208,5.731499,-0.9286032,7.4455194,CD8 T cells
11.742897,9.373781,12.300261,10.947398,13.211771,8.629282,CD14+ Monocytes
1.4606655,5.982692,-0.34609887,2.5847325,0.06834031,3.7280793,CD4 T cells
-2.1912463,8.792491,-1.7262763,2.0295174,1.6021706,6.546411,CD4 T cells
13.2536745,7.470458,13.382605,10.519083,12.811704,6.9508753,CD14+ Monocytes
0.8413466,13.241057,-2.9269955,8.037205,-0.18825334,10.056265,CD8 T cells
13.589675,7.2090592,13.79872,10.930256,14.400235,9.845735,CD14+ Monocytes
-0.6710786,6.5531616,-2.8490343,2.1686409,1.4294707,3.9234772,CD4 T cells
-2.9244902,8.187382,-0.6303933,5.1626143,1.593371,6.614118,CD4 T cells
14.167375,9.694108,11.843106,10.440583,13.066483,8.254389,CD14+ Monocytes
-2.006493,7.7238207,-2.4324577,4.316627,-0.67607737,6.0909386,CD4 T cells
1.098523,9.053007,-1.5400158,3.4356632,-0.9970045,5.783492,CD4 T cells
0.094081685,13.604286,-2.8582036,8.746294,-1.2264619,10.882385,NK cells
1.8605586,13.402406,-3.5286121,8.586136,-1.7585615,10.319808,CD8 T cells
-2.2629323,7.7404466,0.13022088,4.3515472,-1.6916208,3.4901965,CD4 T cells
13.378612,7.228182,13.242701,10.293925,12.440097,7.774432,CD14+ Monocytes
12.435807,12.173776,9.937554,11.85379,10.174679,10.339053,FCGR3A+ Monocytes
2.3784094,4.4929914,-3.2762809,1.4204037,-0.065477945,3.576967,CD4 T cells
-2.4686615,8.424893,-2.0757082,3.9066837,2.435468,6.5331182,CD4 T cells
0.5384049,2.6625981,-0.41969743,0.6566773,0.722068,5.3309255,CD4 T cells
-2.2180667,8.033865,-1.557621,3.3900049,-0.5005506,5.15785,CD4 T cells
8.977342,12.577022,7.3022604,9.047763,13.170535,12.8361435,Megakaryocytes
13.91742,9.210798,11.76897,11.755208,13.173106,9.404574,CD14+ Monocytes
0.6367868,14.60718,-3.5008187,8.898056,-0.9547784,11.00073,NK cells
-1.506569,9.161322,-1.1831715,3.1508431,-0.06869756,7.7107725,CD8 T cells
14.146942,9.228122,12.953124,10.005254,13.375357,8.079686,CD14+ Monocytes
11.381127,12.846392,9.415879,11.306676,11.4500265,10.888492,FCGR3A+ Monocytes
12.248392,7.5364428,11.093966,9.618072,12.523252,7.671434,CD14+ Monocytes
1.225661,5.6366606,-3.1461766,4.5412846,1.3777068,5.5334263,CD4 T cells
-0.105799615,9.624369,-1.2618294,3.829534,0.9236235,8.459883,CD4 T cells
1.4529026,6.625271,-3.0789921,3.3710215,2.107494,5.2243996,CD4 T cells
1.4178543,4.068413,-4.2869554,2.2549367,1.1366369,3.6106377,CD4 T cells
0.82966405,5.6355276,-2.5312824,2.5893915,-0.35241958,4.122691,CD4 T cells
-2.9617012,7.6577945,-0.6111032,3.0713868,0.7500495,6.7108026,CD4 T cells
0.28516874,5.019284,1.0518773,2.1476197,1.8688803,4.3340473,CD4 T cells
0.6462512,2.9181063,0.22917895,0.75345963,2.0413651,3.852972,CD4 T cells
11.54542,12.41959,9.1701565,11.57079,10.879931,10.176949,FCGR3A+ Monocytes
13.268333,10.881501,11.435865,11.968803,12.185432,6.854946,CD14+ Monocytes
0.48729354,6.3720317,-0.71627814,3.73226,1.5717517,7.0750294,CD4 T cells
12.162645,14.435483,8.386669,11.139346,10.435719,11.294232,FCGR3A+ Monocytes
4.0369773,-1.4239682,9.857176,5.050389,6.545304,-0.36861265,B cells
3.2079237,-2.029696,10.619055,4.7821426,5.3644753,1.0327867,B cells
4.4659915,-0.24967095,9.713111,4.953383,5.936881,0.46362796,B cells
9.641794,7.9167066,11.40461,8.453939,10.905471,7.509745,Dendritic cells
0.87981826,5.3937483,-1.8426427,3.702067,-0.13641693,3.2091591,CD4 T cells
-0.53702086,6.9737144,-2.3028364,3.9322474,2.1303709,3.7700968,CD4 T cells
11.076329,14.13559,9.204235,12.747678,11.012017,11.473406,FCGR3A+ Monocytes
-2.571954,7.8109994,-3.2469177,2.642015,2.4950488,7.28151,CD4 T cells
-2.6416001,5.944883,-0.30355626,2.3154058,-1.3588288,3.366807,CD4 T cells
-1.3380356,7.8942184,-3.2217224,5.133436,2.939552,6.6089787,CD4 T cells
0.4360042,13.066822,-1.568129,8.600425,-0.49200755,10.344862,NK cells
12.035851,13.560252,9.3643055,10.793632,11.303483,10.375829,FCGR3A+ Monocytes
-1.1468818,8.389188,-0.15014029,3.606895,-1.851283,5.6422825,CD4 T cells
12.480488,12.353547,10.872778,12.063336,11.164443,10.861907,FCGR3A+ Monocytes
0.7148716,5.134759,-3.037114,1.8877925,0.8782723,3.5255656,CD4 T cells
13.058808,7.406571,12.911833,11.257671,13.456147,9.751372,CD14+ Monocytes
-2.1581936,7.8339276,-3.0601075,4.5749774,1.3112113,5.4119415,CD4 T cells
5.1462965,-1.3154001,9.9750185,4.728409,5.108486,-0.84370846,B cells
1.2721605,13.91655,-2.9928126,8.40946,-2.5078835,10.341712,NK cells
1.5270594,8.0408945,-0.8696649,3.8672156,2.5974476,6.180983,CD4 T cells
12.365114,7.6658,12.037438,9.770707,14.011399,9.191221,CD14+ Monocytes
0.2310359,3.7185025,-1.6117238,0.7134508,2.0798032,3.4757066,CD4 T cells
1.5731584,7.252513,-2.1582127,3.1877291,2.6121979,4.8059564,CD4 T cells
12.084245,8.19735,12.8269825,12.350391,13.623917,8.514551,CD14+ Monocytes
-0.3100293,4.575887,-1.1810281,1.3725393,1.4903288,2.6299043,CD4 T cells
-1.6422352,3.9963331,0.9731989,1.5384556,-1.174147,4.3928857,CD4 T cells
12.060835,8.045258,12.727937,10.112737,12.504476,8.1392765,CD14+ Monocytes
13.291753,8.1361065,13.374928,11.68733,12.957365,8.266413,CD14+ Monocytes
-0.21909082,4.478371,-3.516925,4.052708,0.44953936,4.058084,CD4 T cells
-2.245627,6.832603,-2.6776774,3.805426,0.2850278,5.7892747,CD4 T cells
11.899838,12.268846,9.308777,11.074272,11.742841,10.390109,FCGR3A+ Monocytes
12.640592,9.22078,11.207556,10.844082,11.538349,8.452018,CD14+ Monocytes
1.6222291,13.087182,-2.5386074,8.437243,-2.2876732,10.256228,CD8 T cells
13.159741,11.170511,10.365773,11.871238,12.803146,7.3577776,CD14+ Monocytes
-1.7910885,9.783171,-1.2958068,6.0657816,-1.6641084,7.424101,CD4 T cells
11.2843275,9.166441,11.317556,8.824491,12.19334,9.831814,CD14+ Monocytes
0.83025783,3.3265204,-0.90558964,0.68226427,-0.8469899,2.9188628,CD4 T cells
5.913095,-2.0189106,9.565116,4.455882,6.3591394,1.3206595,B cells
5.5742016,-2.4052582,11.1435375,4.588229,6.9011426,-0.31126955,B cells
11.207087,14.285519,9.700715,10.849181,11.308444,11.181666,FCGR3A+ Monocytes
1.4573894,13.467833,-3.125423,8.327232,-1.8127563,10.261113,CD8 T cells
-1.0776782,2.9504068,0.31865728,2.9490452,0.99536246,2.8983319,CD4 T cells
-0.8619408,10.31568,-1.5218956,5.9418225,1.4195539,8.492382,CD8 T cells
-0.63524204,7.9847856,-1.6140504,3.4811394,0.0542614,4.418554,CD4 T cells
4.638258,-0.6962312,11.522422,4.636432,5.7304435,0.17019127,B cells
-0.45359728,15.578252,-2.5143628,9.709297,-2.48482,11.944416,NK cells
3.3522875,-2.0159566,10.975833,3.1509717,8.021272,-0.46928015,B cells
13.79025,9.521021,12.027086,11.65176,14.141059,9.706502,CD14+ Monocytes
11.949946,9.300299,12.101429,12.364099,14.17263,8.624261,CD14+ Monocytes
12.23041,7.418627,13.334966,10.966414,12.729698,7.9101615,CD14+ Monocytes
-2.1487494,6.3181734,-2.1168175,3.021447,1.3530324,5.4310474,CD4 T cells
1.4096291,13.728533,-2.8873906,8.954786,-0.769999,11.139367,NK cells
-1.86687,5.661843,-1.2844148,4.380862,3.067487,4.945388,CD4 T cells
-0.5457191,5.797859,-0.157915,2.6471405,0.18928505,5.9302278,CD4 T cells
-0.88275534,7.7385454,-2.2329023,3.0956075,0.57885396,6.159943,CD4 T cells
0.37314424,13.9391775,-3.3596318,9.577398,-1.4559667,11.450252,NK cells
1.4165682,13.067553,-3.5971406,9.0529,-1.9752562,9.669746,CD8 T cells
-0.29190582,6.011044,-2.6553755,1.4625735,-0.008105743,4.8610563,CD4 T cells
2.3085496,4.4319773,-2.298432,0.36126545,-1.3723661,3.860436,CD4 T cells
12.25435,9.486865,11.329432,10.692201,11.245855,8.607281,CD14+ Monocytes
11.798491,10.700303,10.552565,11.641582,12.249141,10.452574,CD14+ Monocytes
0.2258309,3.8576534,-2.6429489,1.3959713,-0.9548242,2.66119,CD4 T cells
-0.2441836,9.475852,-0.5782529,5.5304337,-1.9122375,8.367513,CD4 T cells
-1.0128931,10.090984,-2.7614071,5.0489187,-2.126252,5.4273763,CD8 T cells
0.0021699066,7.086346,-4.2366924,3.9403048,2.8081205,6.2612853,CD4 T cells
0.10334113,4.829297,-0.43774772,1.3543046,0.18524575,4.7537026,CD4 T cells
3.4505377,-0.35193038,10.063545,5.6358557,0.9430743,7.242694,CD4 T cells
-2.9788504,6.379885,-1.8513452,4.991138,0.41827926,7.2978897,CD4 T cells
-1.678731,3.9435573,-3.1747074,3.773944,0.94892883,5.6210394,CD4 T cells
14.233116,9.048713,11.650313,9.676087,13.20011,7.044974,CD14+ Monocytes
-1.6206887,10.374294,-1.4844675,6.063806,0.3269601,7.680928,CD4 T cells
12.676133,13.428915,10.22274,11.791477,11.233395,10.649944,FCGR3A+ Monocytes
-1.3078194,6.7843337,-0.22494075,0.9667481,1.3659872,5.6955066,CD4 T cells
13.318522,9.236858,13.38745,11.345595,11.588872,8.999437,CD14+ Monocytes
1.2685581,11.417957,-2.1262746,7.298818,0.39199132,9.401557,CD8 T cells
-1.9042646,6.5755544,-0.38789284,3.46676,1.80119,5.0945377,CD4 T cells
0.41213277,2.5538914,0.012338964,0.8507435,1.5913873,4.505726,CD4 T cells
-1.7099075,6.3808923,-3.5757499,3.5856664,2.6595647,5.271169,CD4 T cells
-0.7147273,13.23497,-2.2045152,9.639594,-1.2705427,10.545216,NK cells
1.5813684,9.7968,-3.6692352,5.6379137,2.6813,5.1755085,CD4 T cells
-1.9437618,8.980598,-2.2286396,4.830707,0.016247606,6.984032,CD4 T cells
1.2059501,12.724054,-3.2386599,7.591599,-0.1851094,9.875674,CD8 T cells
-0.758254,3.664852,-0.081835955,0.93590176,-0.08280683,2.8514051,CD4 T cells
-1.759525,10.235364,-2.6274724,7.2200737,-0.3386475,9.086399,CD8 T cells
0.8016048,12.559183,-2.5118926,7.4014306,-1.7768977,8.51377,CD8 T cells
0.60191905,12.714428,-2.9708028,7.478411,-1.1780608,9.049153,CD8 T cells
4.059841,-0.8510164,11.606012,4.541859,5.830166,1.1254376,B cells
-1.4143064,4.899861,-2.5299606,3.939414,-0.38436207,3.871145,CD4 T cells
1.6951957,12.7598095,-1.9685763,8.061915,-1.1339512,10.04637,CD8 T cells
-1.8967777,8.321041,-3.8277965,4.225915,2.4827852,5.400292,CD8 T cells
1.0720482,11.406928,-2.5406377,6.803917,-1.1476066,9.168712,CD8 T cells
4.6856675,-1.9789662,11.388354,3.6235805,7.2280865,0.20889652,B cells
0.56256866,6.472674,-1.8709083,4.294394,-1.7171965,4.6697245,CD4 T cells
3.662502,-1.9878718,10.732252,2.6633823,6.4946313,0.4911452,B cells
5.657866,-1.0853003,11.947636,4.555135,7.5102606,-0.027744355,B cells
0.6338421,7.0022335,-3.601773,4.5739326,2.0530224,5.565766,CD4 T cells
4.9360824,-2.5775213,9.245123,3.4819355,6.1904097,-0.590635,B cells
-1.52634,4.341862,-3.039963,3.0856636,-0.020972472,4.655346,CD4 T cells
-0.19216217,4.91392,-0.74533033,3.620995,1.0022041,4.5189967,CD4 T cells
-2.2114859,6.822652,-0.52107227,2.1735392,-0.0610164,3.5147705,CD4 T cells
1.018906,12.922091,-2.5467782,7.8078413,0.022967817,9.374059,CD8 T cells
0.17301992,13.117482,-2.676645,8.903465,-1.9740844,9.257243,CD8 T cells
2.5765173,6.51349,-2.8242197,2.7761421,0.76173586,3.4443932,CD4 T cells
3.6459656,-1.5546452,9.990991,5.173932,7.876425,0.41952813,B cells
0.4966417,6.404677,-1.6502088,0.9137229,1.8846807,5.6135693,CD4 T cells
5.41377,-0.91011935,11.426411,4.019889,6.0218306,0.18197046,B cells
5.2291236,-3.1742175,11.540289,4.961134,6.750354,-1.3023671,B cells
1.5276334,12.33749,-2.6086187,7.1702952,-1.6019202,8.551815,CD8 T cells
11.956984,7.98534,13.153682,10.965479,12.548476,8.558201,CD14+ Monocytes
0.22969729,7.0687633,-1.990006,2.0189137,1.3208598,5.63754,CD4 T cells
12.38161,12.760917,9.85541,11.320667,10.588428,10.911437,FCGR3A+ Monocytes
-1.6844354,6.5666304,0.12368804,3.7082696,1.9017946,3.5122344,CD4 T cells
-2.584162,6.0858407,-0.41340238,4.7297926,1.7257998,3.8112144,CD4 T cells
5.396456,-2.772564,11.178341,5.4010925,6.3902326,-0.22822616,B cells
1.1074477,12.083822,-3.185329,6.45014,0.20991054,9.283688,CD8 T cells
1.0364261,9.980138,-2.384213,5.519079,-0.39850014,6.2503605,CD8 T cells
0.732603,3.8463285,-0.541662,0.44858402,2.23254,4.083407,CD4 T cells
0.4978016,5.630243,-1.8731291,4.543546,2.6586185,5.0885324,CD4 T cells
-1.1316171,5.6876674,-0.5459681,2.8643413,2.279406,5.881615,CD4 T cells
11.014592,12.656959,11.335373,11.089875,11.500453,9.407993,FCGR3A+ Monocytes
-1.3053106,3.5021086,-0.6406968,2.349359,0.122355305,4.8036346,CD4 T cells
-0.25883776,4.8700614,-2.3671746,3.639471,1.3739051,4.6152835,CD4 T cells
-1.6139556,5.879631,-2.059313,4.3771453,1.8918384,5.751207,CD4 T cells
4.867723,-2.4269512,9.788856,3.2872205,6.635789,1.3757919,B cells
-1.0056325,9.676201,-3.9913034,4.37299,0.42336744,8.234418,CD4 T cells
-1.6431137,6.8913894,-4.0438366,2.7915137,-2.2957253,5.0840106,CD4 T cells
1.3691891,14.997601,-3.516383,10.491644,-1.6791323,10.742546,NK cells
-0.9248856,6.2988105,-1.6524279,1.8797132,1.6620686,6.0863824,CD4 T cells
0.28436118,15.455172,-2.1302354,10.456649,-0.79214394,11.717774,NK cells
0.13065635,6.911937,-1.0161381,3.7109659,0.33618924,5.384812,CD4 T cells
12.898777,8.160736,13.114129,12.143857,13.429025,8.125133,CD14+ Monocytes
1.4590187,8.18306,-0.9331309,4.7192154,1.7338358,2.8345666,CD4 T cells
13.155861,8.800339,12.77783,9.682688,13.108022,10.054892,CD14+ Monocytes
-2.4132376,6.9620233,0.03987043,3.484182,2.1621819,6.6435246,CD4 T cells
0.5762076,6.541174,-3.8949764,2.8953447,2.6427655,3.3541336,CD4 T cells
12.209963,9.547663,11.496965,9.23736,12.409067,9.32334,CD14+ Monocytes
13.790614,8.062398,11.8252945,10.112049,13.337614,8.28096,CD14+ Monocytes
-1.4743221,10.864171,-2.6009803,6.0361915,-0.4823128,7.635627,CD8 T cells
0.0033821473,8.881489,-3.0576856,3.742547,-1.6858044,6.7589583,CD4 T cells
12.90451,8.662161,11.674671,12.246928,11.493084,8.895362,CD14+ Monocytes
-1.3773215,4.27841,-2.923213,4.785522,-1.0366153,3.602553,CD4 T cells
0.4757307,4.772099,-1.8877326,0.27501094,1.3694493,3.2974486,CD4 T cells
0.6933014,14.479506,-2.439035,10.5249,-0.8250796,11.196352,NK cells
-1.2834637,4.097233,1.1356921,2.8335814,1.8641168,4.7707825,CD4 T cells
-1.7354174,4.98155,-4.083514,3.127452,0.29725477,5.5273805,CD4 T cells
11.825971,8.632487,12.313724,12.235442,11.595529,8.963086,CD14+ Monocytes
-0.46909356,8.516025,-1.0928987,3.9643066,2.4430017,7.196759,CD4 T cells
1.1994421,12.207164,-2.7329814,7.6239066,-0.7692281,10.512217,CD8 T cells
13.576266,9.631504,11.48984,10.365144,13.172013,8.006483,CD14+ Monocytes
1.3619926,15.880711,-2.9441504,10.009223,-1.9743377,12.323901,NK cells
-0.61759275,10.843817,-3.2759569,6.379394,-0.2709432,7.545594,CD8 T cells
14.810211,8.790215,12.91274,11.073634,13.438121,10.10226,CD14+ Monocytes
-2.6115084,5.92013,-1.4255584,2.6165793,-1.5267482,5.084044,CD4 T cells
-2.257453,4.5651765,-0.42140067,2.0971172,0.07119356,2.9290516,CD4 T cells
-1.7637064,7.840602,-0.49090132,5.3809686,-1.4508475,5.934143,CD4 T cells
11.853064,12.136463,10.055997,11.768916,10.743818,10.493182,CD14+ Monocytes
4.979099,-2.3953962,9.159148,4.4443727,7.0585685,-0.69465005,B cells
4.513061,-1.8796918,11.449276,4.0622907,7.040955,-0.09350919,B cells
0.18699442,4.5784154,-0.68588597,0.25180852,0.08917958,3.722109,CD4 T cells
-1.385258,7.8017364,0.3433722,2.554942,0.12812722,2.4652445,CD4 T cells
11.952968,11.144126,10.300988,11.60035,12.294959,9.847124,CD14+ Monocytes
2.1832001,6.230521,-1.4894748,1.8152392,0.94065046,6.954062,CD4 T cells
-1.7081782,8.574535,-3.4193456,5.779226,1.4995967,7.5011835,CD4 T cells
2.9334474,-1.9982203,10.642812,3.3377633,5.958447,-0.27353364,B cells
3.6263142,-2.7518039,10.002895,2.8747704,6.4677887,-1.0550852,B cells
1.7243208,13.318164,-3.6085367,8.226186,-2.1775885,9.911871,CD8 T cells
-2.5242832,4.952984,-0.26779896,3.8559067,1.3475853,3.9218822,CD4 T cells
4.4394503,-2.2956212,11.296415,5.2753944,6.490874,-1.1496261,B cells
2.608527,4.612792,-3.117336,1.7742879,6.667841,0.86250687,CD4 T cells
0.14286916,4.880365,-3.446427,2.0965989,2.1055505,5.921315,CD4 T cells
4.2321305,-2.0181968,11.520603,3.3220778,7.085845,-0.4494334,B cells
-2.747638,8.207166,-0.33224553,3.186701,1.5875121,6.005786,CD4 T cells
12.559226,11.045748,11.057708,10.084949,11.991333,8.354078,CD14+ Monocytes
0.0813729,5.4235544,-2.1455915,0.9534057,0.06887064,4.52086,CD4 T cells
-0.042771593,14.703145,-2.7698274,9.813781,-1.0716491,11.042364,NK cells
0.6120236,3.7919455,-3.0741882,2.2462068,2.0717509,5.326069,CD4 T cells
13.216261,6.9319954,13.639142,10.571182,13.350319,7.1752844,CD14+ Monocytes
0.45288014,4.0849066,0.7055238,2.6751227,0.5551646,3.892,CD4 T cells
-0.68113184,5.8479767,-2.3482952,2.500054,1.6811141,6.155584,CD4 T cells
1.8485296,4.232675,-1.0237973,1.2585418,-0.46287844,3.5848787,CD4 T cells
1.9778163,5.954811,-2.088423,1.0740929,-0.060423527,4.344908,CD4 T cells
13.099953,10.7699175,11.41154,11.31699,11.6656275,8.822953,CD14+ Monocytes
1.6607653,4.7498226,-1.7605635,3.9899404,2.4595184,5.2494903,CD4 T cells
1.2529256,3.3085566,0.27998164,4.0415487,-0.5992638,2.5210783,CD4 T cells
-1.9869716,4.8552957,-0.3227619,2.1602702,0.6540398,5.228828,CD4 T cells
9.9614935,8.143152,10.92192,9.096828,10.854587,7.6100545,Dendritic cells
4.915188,-2.7712157,10.652957,4.0250034,5.8435974,-0.86100405,B cells
-1.927079,4.490933,-1.0647906,3.6611686,1.9319735,6.802954,CD4 T cells
-0.41804466,3.4451137,-1.0807041,2.5017436,0.89399,4.4078445,CD4 T cells
-0.24169,15.745323,-2.394418,10.403094,-1.1635551,12.257855,NK cells
1.4940922,15.326781,-3.8715582,9.5129175,-2.4994543,11.281857,NK cells
11.356589,13.999991,8.841096,11.393692,10.770092,11.560039,FCGR3A+ Monocytes
12.644237,10.994686,11.204602,11.547373,11.043302,9.780015,CD14+ Monocytes
14.004285,7.564372,12.77472,11.744564,14.52629,9.489323,CD14+ Monocytes
12.474425,11.170877,10.561344,10.449511,11.777877,9.716832,CD14+ Monocytes
4.028443,-2.1317487,10.692458,5.681167,7.893132,-0.15674728,B cells
-0.22278507,5.7239647,0.98592,2.4526145,-0.8294568,5.265033,CD4 T cells
-0.9327529,6.6998425,-1.0920637,3.575519,2.0440931,3.622784,CD4 T cells
4.299511,-0.98419416,9.649885,4.0545235,5.7855496,-0.35144758,B cells
-0.37839133,4.6519456,-0.84184676,1.7840247,2.8071213,4.013131,CD4 T cells
-0.62356246,6.8999944,0.39557543,2.2487795,0.08830487,4.8947325,CD4 T cells
5.092279,-2.4866931,9.345587,3.7703497,7.865253,-0.92189443,B cells
12.77691,12.576079,10.233714,12.287248,11.607818,8.01547,CD14+ Monocytes
5.7180347,-1.0612395,10.506156,3.4505699,4.992329,-0.19095618,B cells
0.079412684,15.867306,-2.0283918,10.743219,-2.23539,12.032637,NK cells
2.2610562,6.9365654,-2.5923488,1.771702,0.9208544,3.7490935,CD4 T cells
-0.09750177,3.086217,-0.18988107,0.9517347,-0.6378676,2.7905092,CD4 T cells
-1.6131246,8.067015,-0.0923813,3.0944426,1.5165285,5.413231,CD4 T cells
11.171403,14.368429,8.933668,12.568266,10.984185,12.1409025,FCGR3A+ Monocytes
13.766941,9.11348,11.875752,11.166894,12.398575,6.9277406,CD14+ Monocytes
11.615849,14.269838,8.796692,11.873241,10.742334,11.069387,FCGR3A+ Monocytes
11.721787,7.874292,13.168256,12.009676,11.463858,7.8502893,CD14+ Monocytes
-1.1565065,3.7965536,0.81559426,1.6103076,0.69869864,5.7645144,CD4 T cells
0.90888,13.392917,-3.1525526,8.437238,-1.2444015,10.539572,CD8 T cells
0.13529895,10.941412,-1.5189631,7.1439857,-0.38828987,9.063798,CD8 T cells
-0.8831558,8.579443,0.37362584,1.0470889,0.8426413,4.0184793,CD4 T cells
13.341622,8.414412,12.043344,11.251945,13.622097,6.68857,CD14+ Monocytes
3.7049701,-0.3987743,10.35721,4.872274,6.8617845,0.3461286,B cells
0.13015878,16.053747,-2.8337438,10.92831,-2.2565103,12.223903,NK cells
-1.500751,3.1057675,-4.004332,3.0617337,2.1542325,4.0729833,CD4 T cells
-0.27161685,4.4486465,0.66173947,0.8562965,-0.17206962,4.885878,CD4 T cells
12.110281,9.196541,12.678019,8.769918,11.366475,9.097297,CD14+ Monocytes
13.8334465,7.7345314,13.56298,9.703356,13.818963,9.315384,CD14+ Monocytes
0.22375616,7.859233,0.7034751,4.1014028,-0.42823574,6.8113823,CD4 T cells
-1.2157843,5.619525,-0.6649936,0.30165377,2.3256187,2.9259799,CD4 T cells
5.3435397,-2.9011219,11.114838,3.8861856,7.4344773,-0.5535869,B cells
-0.013316812,4.303643,-1.5074307,1.9238882,1.6270393,3.802534,CD4 T cells
11.109252,13.240409,9.2753105,11.171579,10.361106,11.002838,FCGR3A+ Monocytes
0.8377678,6.303575,-0.44663128,3.343737,-0.54667246,3.7969236,CD4 T cells
0.033826776,11.083369,-1.2781662,6.9499226,-0.7785889,8.323275,CD8 T cells
1.120798,16.062874,-2.8511782,10.767444,-0.86884356,11.982022,NK cells
0.80396116,10.940607,-1.2827971,7.2450805,-0.97927606,7.453639,CD8 T cells
1.1177604,11.814638,-2.0028913,7.937853,-1.1500531,9.222875,CD8 T cells
5.2621307,-1.7910475,9.852042,4.599704,7.516805,0.14524832,B cells
-1.212524,5.94744,-1.8879808,3.03318,2.9494238,5.891355,CD4 T cells
-0.9502359,3.1630116,-0.09545261,1.0343362,0.84128195,4.175931,CD4 T cells
4.224578,-2.6588364,9.8698,2.9875135,5.153695,-0.17839855,B cells
12.9661255,9.706829,11.4750185,10.031471,12.522106,7.5886993,CD14+ Monocytes
12.8721695,10.687512,11.179239,11.232205,11.8475275,8.225086,CD14+ Monocytes
1.3966383,13.013943,-3.4286118,8.056204,-2.2171776,9.726614,CD8 T cells
14.345036,7.7932196,13.223497,11.043136,14.447599,7.372882,CD14+ Monocytes
11.876061,6.883242,11.361632,8.986669,12.002043,9.860627,CD14+ Monocytes
-0.20629857,7.5738797,-4.2783523,4.113612,0.45617205,6.6825423,CD4 T cells
-1.41754,5.184464,-2.18457,2.8469946,0.6107429,5.350449,CD4 T cells
1.6489316,4.9569764,-1.1855234,2.808193,2.282323,5.4030447,CD4 T cells
0.84434915,13.873581,-2.8099818,9.2892,-2.1666684,9.8261385,CD8 T cells
4.027442,-0.020205677,10.956067,4.1295323,5.862754,0.8363156,B cells
0.9457865,7.077552,-4.462986,3.7201743,-1.6539806,5.11666,CD4 T cells
-0.89352125,9.007823,-3.0497146,4.1408324,-1.9220679,4.7080917,CD4 T cells
-0.72016716,2.7867055,0.26647213,0.7309249,0.71419877,4.3377657,CD4 T cells
-0.6669455,4.263567,-2.848803,2.3293335,0.6644146,5.6454062,CD4 T cells
12.954314,9.81637,11.310547,10.143454,13.104132,10.327151,CD14+ Monocytes
0.5026006,4.539837,-0.49459437,1.793231,-0.44224116,5.1071525,CD4 T cells
0.5195319,4.054745,-3.8844798,3.0336325,-0.94505936,3.5405958,CD4 T cells
11.520086,12.74672,9.778808,11.024825,11.486823,11.52451,FCGR3A+ Monocytes
0.45875007,4.820854,0.69063413,1.8947808,-0.38929453,2.868457,CD4 T cells
1.1872996,13.209291,-3.4667463,8.258414,-2.0070302,9.900166,CD8 T cells
12.7821245,8.578201,13.003902,10.700965,14.194342,9.6382265,CD14+ Monocytes
13.366841,7.526241,12.86893,11.261106,13.759117,8.294537,CD14+ Monocytes
0.54141015,5.332066,-0.50036764,0.37941775,0.14437762,4.981625,CD4 T cells
12.356519,8.51617,12.216306,12.283991,11.673524,7.8281007,CD14+ Monocytes
5.5544586,-2.263593,9.899427,4.2313104,6.123297,-1.2922417,B cells
-1.2981849,6.794305,-0.05385753,4.4298406,0.52004224,5.2525773,CD4 T cells
1.4109968,4.929133,-0.45861408,2.8309166,2.2599757,6.0756555,CD4 T cells
11.459303,7.754958,12.440323,11.529892,12.140214,9.719225,CD14+ Monocytes
0.39295712,8.046934,0.70757616,3.832376,-0.22216763,5.9028,CD4 T cells
11.20459,12.63719,10.116474,10.680249,12.103419,10.32739,FCGR3A+ Monocytes
12.331148,8.032215,12.671284,12.0509815,12.836726,9.3749695,CD14+ Monocytes
13.715673,7.767782,13.150682,9.890455,13.510013,6.92418,CD14+ Monocytes
-2.4986794,5.2460837,-1.6460656,2.6203263,-1.4258186,5.559171,CD4 T cells
0.8767843,7.1788087,-3.9414537,3.616531,-0.55161893,3.278318,CD4 T cells
4.807876,-1.8067533,9.6356735,3.657716,6.474106,-1.213102,B cells
4.358864,-2.603167,11.509451,3.3384624,5.268047,-0.66482764,B cells
13.842602,10.584775,12.172756,11.933331,13.028449,9.19989,CD14+ Monocytes
-0.72556335,5.853427,-3.0699458,3.044715,-0.163759,5.4914117,CD4 T cells
12.00623,6.952111,13.277472,11.58466,12.0276985,9.064656,CD14+ Monocytes
5.3363295,-2.2644958,11.090365,5.7353683,6.860368,-0.53856343,B cells
0.87923914,7.154438,-1.7940241,3.3475251,1.7722675,7.3407764,CD4 T cells
-2.3100083,5.8938003,0.18228033,1.1693639,-0.5948687,3.9457877,CD4 T cells
-0.6886576,7.3316107,-0.3952455,4.1482296,1.6865962,3.5021408,CD4 T cells
-1.4995892,4.05754,-2.5751834,2.0225346,1.1815909,2.446965,CD4 T cells
0.8491425,8.884638,-1.1836115,5.931555,0.80088675,7.103893,CD8 T cells
4.6691766,-1.6437432,10.421482,5.349236,6.869932,-0.91918653,B cells
14.030669,9.187753,12.774991,11.506414,13.296864,8.641756,CD14+ Monocytes
-2.7536972,8.761801,-2.3934727,4.984121,0.25698194,7.902545,CD4 T cells
12.161767,12.379427,10.001115,11.732113,11.395951,9.664251,FCGR3A+ Monocytes
4.2164125,-1.6255608,9.423979,3.6837907,5.5275087,-1.1703117,B cells
-0.12707432,5.3983717,-2.6879382,4.606422,0.06363618,6.490097,CD4 T cells
12.039297,8.296293,11.636113,8.512165,13.608026,8.45534,CD14+ Monocytes
12.720647,10.067267,11.290991,11.891867,11.504727,7.637951,CD14+ Monocytes
11.722003,10.975498,11.009152,10.0436535,11.319958,9.070309,CD14+ Monocytes
5.4651217,-1.6712556,10.891625,3.2046766,7.592475,0.65407014,B cells
11.548656,13.07151,9.356066,11.560455,10.134233,10.609889,FCGR3A+ Monocytes
13.89557,10.24153,12.252234,9.532374,12.03859,8.245891,CD14+ Monocytes
-1.6563874,8.80695,-0.5244299,4.6737213,0.9639281,7.757759,CD4 T cells
5.8189654,-2.1851292,10.83412,5.074288,7.2134013,-0.5300169,B cells
-0.32080042,5.315449,0.0024428153,2.670147,0.592829,5.375668,CD8 T cells
12.5257015,8.961195,12.526535,12.1963,12.221968,7.4645934,CD14+ Monocytes
13.954379,9.778713,13.293216,9.605378,13.087394,9.829404,CD14+ Monocytes
-2.9330497,8.0768585,-0.6176756,5.0893946,-1.6195139,6.224081,CD4 T cells
3.507646,-3.0742927,10.783829,4.5998263,6.2410827,-1.3653353,B cells
-1.3296499,4.6896715,-1.126861,2.7593758,-0.42958322,5.3711123,CD4 T cells
1.9069301,3.8690042,-3.633641,2.3348145,1.7359959,5.4730244,CD4 T cells
4.3718276,-0.5287631,9.754321,4.2002573,5.3166127,-0.27366245,B cells
0.24313317,4.4606457,-1.5815773,1.0135725,-1.6892949,4.64578,CD4 T cells
4.0677786,-1.6258984,10.532686,4.723182,5.535401,0.7017352,B cells
11.883628,8.523838,12.067986,8.351268,12.164252,10.056468,CD14+ Monocytes
1.0938416,9.647294,-1.4229242,0.17926799,-0.74589014,6.9219866,CD4 T cells
11.395618,12.1696825,10.47129,11.728485,10.5415745,9.773723,CD14+ Monocytes
-2.912878,7.148817,-1.9255096,5.294467,1.3566792,4.516776,CD4 T cells
14.11567,7.6343246,12.55112,9.308251,13.581611,7.6970253,CD14+ Monocytes
2.1717684,5.65939,-1.160982,1.8357172,0.94304633,3.4277065,CD4 T cells
0.64955246,8.841462,-3.7025044,5.0168724,0.7072356,6.9938784,CD8 T cells
1.2010647,3.8747032,-1.6923609,0.11115045,1.5020505,3.6658745,CD4 T cells
12.38728,11.312784,10.35145,10.550305,11.145196,8.218994,CD14+ Monocytes
13.234505,8.521938,13.574259,10.063816,14.19339,8.336746,CD14+ Monocytes
-0.9516707,12.298753,-1.6617408,7.9374943,-1.0015383,9.251677,CD8 T cells
3.7180414,-3.0324476,10.035901,4.3107986,7.1865606,-0.53293896,B cells
12.070526,9.60405,11.649394,10.601774,13.103357,8.24104,CD14+ Monocytes
13.612634,8.781893,12.39492,11.350915,13.059467,9.43543,CD14+ Monocytes
-0.52837557,4.4612823,-2.0881839,2.319238,1.4512742,3.3775768,CD4 T cells
-0.7598348,6.56248,-0.5277091,3.3657146,2.4108865,3.3515668,CD4 T cells
4.696434,-0.61789817,9.189107,4.9506884,5.53389,-1.1930528,B cells
1.4665071,12.538227,-3.5170543,7.713439,-2.2545655,9.26533,CD8 T cells
12.137231,8.711644,12.121949,9.701684,14.364979,7.9343996,CD14+ Monocytes
-1.3916055,10.758786,-0.54689723,4.8584886,-0.11045033,8.079648,CD8 T cells
-0.17378785,5.1382756,-1.2120742,3.5378582,0.6755263,4.5895514,CD4 T cells
0.061336875,4.3241735,-0.46981344,2.569715,1.7479873,5.3368664,CD4 T cells
13.198323,8.049977,13.391,10.128201,13.761483,8.67591,CD14+ Monocytes
1.2043625,9.661225,-1.2816658,6.004223,-1.4245052,6.6828885,CD8 T cells
-0.31081882,6.4954796,-2.0110006,4.4000735,0.6374784,6.2156897,CD4 T cells
0.7820351,3.9885683,-4.293429,2.969357,2.2347157,4.676299,CD4 T cells
1.3723841,7.1514144,-1.4897419,4.342344,1.8922002,6.442591,CD4 T cells
3.3924618,-1.6671772,11.1210985,4.156855,7.146398,-0.76584405,B cells
4.1149626,-1.1715198,10.238618,4.0693903,5.3608522,-0.46466082,B cells
1.4046357,4.1685596,-0.47560486,0.9238477,-0.48577368,3.569189,CD4 T cells
12.502906,12.586783,10.151266,12.002934,10.48567,9.936543,FCGR3A+ Monocytes
0.23694421,3.7539685,-3.149266,1.9081385,1.3237813,4.170278,CD4 T cells
12.587131,13.311741,8.998219,11.483018,11.622973,11.450652,FCGR3A+ Monocytes
1.2598852,15.272798,-3.8017197,9.361863,-0.7709692,11.96592,NK cells
11.887907,11.757374,10.030018,10.345944,10.89435,9.942865,CD14+ Monocytes
-1.8402345,6.4202523,-1.1982546,3.9989712,1.1624504,4.5804935,CD4 T cells
-1.2090414,4.852054,-1.5932459,4.8340697,3.4606402,5.200074,CD4 T cells
11.984429,6.874104,13.362823,11.945288,12.663903,9.211423,CD14+ Monocytes
2.0963266,6.0833025,-2.9050558,1.532737,3.1446154,5.843944,CD4 T cells
-0.23365946,10.562132,-2.1901612,6.5486803,-1.2015665,7.668383,CD8 T cells
0.7087653,4.9205027,-1.7553991,1.3472507,0.15983838,3.1739767,CD4 T cells
4.2612286,-1.5385158,10.309785,3.9620125,7.4450355,0.22174923,B cells
12.680939,8.50481,12.945923,9.113251,12.60255,8.88231,CD14+ Monocytes
1.2464745,7.133435,-0.8230935,4.0798154,-0.16401348,5.9495587,CD4 T cells
4.4817066,-1.6943344,10.818224,3.3604677,5.444629,0.30351818,B cells
11.150541,12.695807,10.083181,11.041549,11.998759,10.6415,FCGR3A+ Monocytes
0.13327888,5.416452,-1.7932806,4.8990483,2.3942146,4.965902,CD4 T cells
3.2761874,-2.5854158,10.7125,4.30185,5.1857853,-0.086173825,B cells
13.864996,6.909473,13.625778,10.308619,14.410128,8.845976,CD14+ Monocytes
12.801834,8.528394,11.7861185,9.829374,12.124174,8.074564,CD14+ Monocytes
12.283236,11.450979,10.355475,11.850013,10.88151,9.911992,CD14+ Monocytes
0.5392138,7.806476,-0.588735,4.4993253,2.9781826,4.1490197,CD4 T cells
-0.35733378,10.960518,-2.2559524,6.0884967,-0.7447142,8.0709305,CD8 T cells
-1.3005362,7.0156593,0.5168924,3.8726003,1.8283902,2.884713,CD4 T cells
0.73503536,11.403567,-1.6533642,7.9544144,-1.6034241,8.465628,CD8 T cells
4.1977744,-1.4746828,10.804542,4.0027685,6.5735435,-0.018237684,B cells
4.830705,-0.2903696,11.461974,4.7279406,6.569941,1.2541927,B cells
11.760985,10.824952,12.168554,12.434968,11.586175,10.307379,CD14+ Monocytes
-1.1243232,5.2364426,-3.5382886,2.1560276,2.943013,5.159992,CD4 T cells
0.3660792,5.881105,-0.6705419,3.2046192,0.6224503,3.570056,CD4 T cells
3.9902577,-1.4494166,10.089725,4.8951354,6.6122036,0.24886805,B cells
0.20656548,15.792333,-3.378097,9.484757,-0.7204271,12.051187,NK cells
0.6342919,15.798139,-3.6034174,9.761351,-2.3057342,12.238813,NK cells
-0.8540826,4.172564,-0.16563432,2.343689,-0.5339989,3.0262904,CD4 T cells
-2.4658334,6.332277,0.35702103,4.814546,-2.478814,5.1707783,CD4 T cells
0.36841226,7.915725,-0.4271674,3.8695796,1.8011613,6.4633155,CD4 T cells
0.7383261,10.32453,-1.4264369,5.871513,-0.7027895,3.6290426,CD4 T cells
0.26490855,7.4498224,-2.267467,4.4796934,3.237644,4.5074177,CD4 T cells
2.2507558,6.616098,-2.238397,1.8307287,0.7728778,4.8294525,CD4 T cells
-2.3381503,5.8116274,0.7910416,2.5646315,-2.41685,5.0584664,CD4 T cells
2.1244862,5.377497,-1.6913732,4.633325,1.630523,3.5547793,CD4 T cells
-1.6420338,9.512723,-0.69580245,5.0050564,-1.1384758,7.1519284,CD4 T cells
13.548266,9.1241865,12.924686,10.141151,12.040928,7.602128,CD14+ Monocytes
1.4141208,11.779695,-2.9754026,7.391866,-0.12411603,9.554486,CD8 T cells
0.17414284,3.9367898,-3.5154994,1.8158629,0.7280526,4.381121,CD4 T cells
14.415769,9.314572,12.681023,10.750319,12.871033,8.2926235,CD14+ Monocytes
0.9843642,12.573976,-2.5507312,8.0757,-1.3864166,9.74613,CD8 T cells
1.4245446,10.954557,-3.244168,6.412124,0.10957904,9.097412,CD8 T cells
-0.2883279,3.9425633,0.8382086,2.6608374,-0.7307892,4.322987,CD4 T cells
-1.254294,7.4280415,-2.3870564,4.127076,-1.4311597,5.7758083,CD4 T cells
-0.55685216,9.44655,-2.1860378,5.8123236,-1.1726457,5.194256,CD4 T cells
-0.9238092,4.710047,1.1112739,3.4594967,-1.7622595,3.2542298,CD4 T cells
14.102969,7.356778,13.451339,9.513593,13.071627,7.95492,CD14+ Monocytes
4.7665954,-3.6182153,10.024682,3.1853268,5.821792,-0.14026788,B cells
0.9785398,4.3495574,-1.7214757,0.71281886,1.1290566,3.6886477,CD4 T cells
1.5731049,12.6443,-2.4477267,7.6125827,-1.929932,9.85674,CD8 T cells
11.540278,8.4929905,11.066331,9.11168,11.88495,9.407081,CD14+ Monocytes
0.37393898,10.485856,-2.462772,5.9446263,-0.1795466,7.5263343,CD4 T cells
0.43138722,15.092968,-2.3450134,10.562173,-1.733828,11.5454855,NK cells
11.863538,9.271885,11.529383,10.7175865,11.401895,8.261137,CD14+ Monocytes
3.8729255,-0.7457837,11.318725,4.0752516,6.5577245,0.8479355,B cells
1.074312,7.24516,-2.0032163,3.609307,-1.2970937,5.4765234,CD4 T cells
12.333757,13.5738,9.951979,11.459239,11.960504,11.131058,FCGR3A+ Monocytes
11.599461,9.27095,11.310398,9.884296,12.390599,7.490147,CD14+ Monocytes
-1.49394,10.814026,-3.4295835,7.3913946,-0.89751786,7.5199795,CD4 T cells
5.1334887,-3.027736,8.955652,3.9699516,5.3630943,-0.27928382,B cells
12.724507,11.14647,11.292308,11.421561,10.390051,9.605542,CD14+ Monocytes
-1.3221778,8.33854,0.8702272,2.7124193,1.4152973,7.9097986,CD4 T cells
13.419837,8.248373,11.683068,10.02517,12.909023,7.5705867,CD14+ Monocytes
0.4997773,6.8204465,-2.2441106,3.7404351,2.984795,5.931939,CD4 T cells
0.813365,11.54283,-2.5176258,7.518291,-0.10664173,9.392831,CD8 T cells
0.5388595,4.555289,-0.74944955,1.5725625,1.3006779,4.8678727,CD4 T cells
0.010100882,2.4454262,-0.107006036,2.522285,1.3965569,5.9926333,CD4 T cells
8.558583,6.927582,9.393393,5.6141047,9.627189,5.530098,Dendritic cells
-0.8795967,11.686917,-2.2174487,6.920104,-1.4099275,8.945243,CD8 T cells
4.733895,0.2907567,9.119067,4.0594344,6.063453,-1.2925338,B cells
0.28624296,5.3307114,-1.842923,0.57750595,-1.3132924,4.6185827,CD4 T cells
-0.44108167,5.3552094,-3.4561992,2.9670334,-0.4768473,4.8652954,CD4 T cells
-1.6456168,6.6200166,-1.058615,3.6336887,2.0973365,5.840049,CD4 T cells
5.523546,-2.8532138,10.932942,5.1207256,7.447217,0.008569053,B cells
0.44968036,2.7532475,-1.2726871,0.57109934,0.09361725,2.4935994,CD4 T cells
1.2352321,6.4677577,-2.96493,2.7671838,-0.9961614,3.8993537,CD4 T cells
-0.9328565,6.973094,-0.66425496,4.296195,1.179771,6.465827,CD4 T cells
0.6709435,5.867496,-1.7610134,4.2036543,-0.44423547,5.355622,CD4 T cells
5.0014896,-0.7030439,9.678819,4.1613436,6.2305007,1.5105203,B cells
-0.9584211,10.565367,-0.72327423,6.5556035,0.043175258,6.968056,CD4 T cells
12.735442,8.943293,13.617631,9.744445,13.081954,9.548476,CD14+ Monocytes
-0.398814,11.227803,-2.3028276,5.8855395,-0.2969855,8.737679,CD8 T cells
1.0861242,4.820295,-2.7185638,1.5845972,2.2774298,3.4362528,CD4 T cells
12.154362,13.1472645,8.353018,11.320865,10.375324,10.195389,FCGR3A+ Monocytes
-0.87879074,5.496095,-0.43442607,1.354886,2.40766,4.51797,CD4 T cells
11.571248,13.460909,8.514754,10.723852,10.005174,10.825838,FCGR3A+ Monocytes
-2.5333087,8.726874,-2.0245667,4.6734233,0.8265304,6.920785,CD4 T cells
14.323418,8.871076,12.973041,10.554988,13.431245,6.847089,CD14+ Monocytes
-1.7265484,4.387493,-0.26070794,3.6252906,0.9689093,3.3191495,CD4 T cells
-0.7904779,3.465914,-0.18420997,2.0700634,-0.4862144,3.7976246,CD4 T cells
0.47095862,7.6849217,-1.6238209,3.3482563,1.6818311,6.897598,CD4 T cells
-1.4748832,6.9527297,-1.8517088,2.561078,-1.095054,5.05252,CD4 T cells
3.301457,-1.2738526,9.433099,4.0855393,6.092772,0.32845506,B cells
4.8389053,-1.028153,10.0692005,2.8929243,5.0908504,1.0386019,B cells
-0.033938177,15.660044,-3.1244116,10.422786,-1.9300746,12.536666,NK cells
10.809028,8.295126,11.282101,8.177543,11.893306,7.9009213,Dendritic cells
-1.8742857,6.7625027,-1.2348925,3.7669206,1.6721969,7.5821466,CD4 T cells
-0.6727764,9.68117,-1.4082083,0.22401033,-0.94603336,6.145142,CD4 T cells
3.166031,-2.4021,10.393033,2.925129,5.626067,-0.77319926,B cells
-1.1902623,8.849036,-1.0290976,5.7453485,1.3322891,7.852689,CD4 T cells
12.745566,9.348642,11.780126,12.434876,12.181627,7.1647787,CD14+ Monocytes
14.100555,7.7887607,11.973389,11.813056,14.159468,9.090888,CD14+ Monocytes
3.6387506,-0.3519249,10.239284,4.5594726,6.388743,-0.67055887,B cells
-1.2706394,8.047452,-1.227615,5.241042,0.2617963,5.2649736,CD4 T cells
-2.0702488,8.105202,-3.0622962,3.4216955,1.8618435,4.8871775,CD4 T cells
0.35508326,4.618533,-3.7313516,2.8844407,1.2054425,5.0696845,CD4 T cells
-2.2206454,6.253868,-3.0118442,4.020843,2.8499444,5.8270555,CD4 T cells
12.527607,9.377683,12.211855,11.029406,11.343594,7.6470795,CD14+ Monocytes
0.4818073,5.3812966,0.5801817,2.6350536,-0.028538538,5.556209,CD4 T cells
1.8614591,5.2868423,-1.329469,0.68918735,1.8603861,5.0225325,CD4 T cells
1.3026843,11.562736,-1.9397105,8.133018,-0.59401304,8.720291,CD8 T cells
13.151368,8.670802,12.736283,11.806942,13.070847,8.633586,CD14+ Monocytes
0.5594493,8.41291,-0.9083096,5.6348977,0.36376956,2.8356357,CD4 T cells
0.9485924,7.394621,-3.083498,2.0869608,3.4182122,4.686732,CD4 T cells
1.0114838,12.823332,-1.5914273,8.245468,-1.775629,8.956434,CD8 T cells
1.3827995,7.6763244,-0.6051347,1.9583961,0.032725226,5.0952735,CD4 T cells
5.747331,-1.6171317,11.154264,3.9529524,7.0810175,-0.38608694,B cells
-2.3222644,8.276586,-2.8451262,5.093395,0.61421096,6.5991135,CD4 T cells
1.5490719,13.885509,-3.486424,8.609174,-1.3494849,11.390164,CD8 T cells
1.1706611,6.0914683,-0.5344625,2.8011036,1.4487797,3.1981647,CD4 T cells
1.4566443,2.9594622,0.70236343,1.8154426,0.35301387,4.6903586,CD4 T cells
13.540687,9.851869,11.923854,11.792895,14.221813,7.2143354,CD14+ Monocytes
-0.7502702,7.96043,-2.598739,5.127011,-1.2285162,5.4149027,CD4 T cells
13.450373,9.831358,12.467322,9.752599,12.937725,9.215005,CD14+ Monocytes
-1.237846,11.376778,-0.69038767,6.563643,-1.1549916,8.096217,CD8 T cells
-0.6317226,4.2942524,0.085033365,3.286539,0.17259447,2.4626608,CD4 T cells
11.361823,13.421873,9.340426,10.934335,10.529854,10.718344,FCGR3A+ Monocytes
-0.8915325,9.965282,-1.4367634,6.2824936,0.054621253,8.565767,CD8 T cells
14.500055,7.8587427,12.005959,11.11755,13.902323,7.1611104,CD14+ Monocytes
1.4567332,7.980204,-1.1316292,0.4645246,1.0946496,6.2887077,CD4 T cells
0.8095619,13.011557,-3.1349895,8.0618925,-1.3306924,9.887381,CD8 T cells
11.663032,11.575989,10.256752,10.101014,11.572171,10.2268505,CD14+ Monocytes
1.1740118,15.291093,-3.2504673,10.438566,-2.3638227,12.363243,NK cells
-1.3943821,7.1502037,-0.65496784,2.9322886,0.7929278,6.2295966,CD4 T cells
0.8023735,14.897167,-3.2700367,8.856502,-0.5373108,11.609105,NK cells
-0.21352701,2.451229,-0.23163272,0.780339,-0.3934994,3.2764719,CD4 T cells
1.2385306,12.532007,-3.0741131,7.0502567,-0.61020464,9.60517,CD8 T cells
1.6094043,7.9879394,8.232127,9.811185,3.7424152,5.796936,Megakaryocytes
-0.5691754,13.389113,-2.3352387,9.212254,-1.016384,10.816514,NK cells
0.32902044,4.5851693,0.6117907,3.211171,0.25350383,3.9782276,CD4 T cells
0.17133722,10.111062,-2.7356958,6.336437,-1.8675675,7.944696,CD8 T cells
-1.4982997,7.9914136,0.039237466,4.0931215,3.382143,5.5034237,CD4 T cells
-2.4279637,6.69148,-3.6425478,4.052272,-1.03133,4.373407,CD4 T cells
-1.1615499,4.116398,0.6732495,3.1538863,-1.4099494,5.3885427,CD4 T cells
-1.3841244,7.0098643,-3.140343,3.2511508,1.162787,4.441063,CD4 T cells
-0.39796102,5.975204,-1.4928907,4.384713,0.2479244,5.484737,CD4 T cells
-1.7478216,5.263023,-2.8789158,4.0757413,3.4581573,5.568156,CD4 T cells
-0.693967,6.4806943,-1.0574546,4.410582,-0.33219203,3.3844464,CD4 T cells
-0.15911607,15.010005,-2.2958848,9.760597,-1.9294933,12.297243,NK cells
11.596219,8.791206,12.335993,10.020939,13.641756,8.175012,CD14+ Monocytes
-3.247081,8.284693,-3.3577955,3.7485693,0.74343044,6.05022,CD4 T cells
11.055482,12.900237,10.305951,10.374476,11.380593,11.142509,FCGR3A+ Monocytes
13.696148,8.390662,12.799472,11.160712,13.111396,7.3399267,CD14+ Monocytes
-1.6841091,5.2661853,-0.27968156,1.3944333,-0.09972284,4.3576655,CD4 T cells
-0.9545945,7.725043,-0.19673191,4.6808558,-1.3157696,6.582776,CD4 T cells
0.42313018,12.664529,-1.7136344,8.366001,-0.55517167,10.196508,CD8 T cells
-0.025800696,4.7186604,-1.0265396,1.610363,2.561795,6.1437855,CD4 T cells
-1.1504159,12.004426,-1.4426589,8.112991,-0.88364166,5.5911713,CD8 T cells
0.6966649,6.629564,-2.1997807,3.179537,-0.49247646,4.772164,CD4 T cells
-0.91841555,8.191442,-1.8842123,6.320308,0.54786795,8.183874,CD4 T cells
11.920056,10.0579,11.3480425,9.913862,10.994374,8.294472,CD14+ Monocytes
-1.281013,7.528292,-0.9384748,3.4810975,-0.06911634,7.1497593,CD4 T cells
-0.70588356,12.828293,-1.5556812,8.359424,-1.289599,10.63075,CD8 T cells
0.7306032,15.920666,-3.8304248,9.733134,-1.6345208,12.0713825,NK cells
14.309992,8.000613,13.227622,10.902329,13.565435,7.244629,CD14+ Monocytes
0.5252313,15.527875,-1.9847653,10.441036,-2.0490062,12.580554,NK cells
-2.0050619,5.342742,0.15482159,2.8381855,0.7782393,3.339554,CD4 T cells
11.112453,9.070241,11.052875,9.541387,11.682656,8.067955,CD14+ Monocytes
1.6731613,13.198253,-3.1326725,8.313639,-2.181394,10.084853,CD8 T cells
-0.27820393,8.551742,-2.3192668,4.3312325,-0.9783771,5.5411406,CD4 T cells
-0.14576775,15.837459,-2.9000165,9.640073,-1.4407537,12.619889,NK cells
3.785004,-2.9970126,9.7735615,3.3665922,7.5936112,-1.1095501,B cells
-1.7958896,5.0158563,-1.5448816,2.9691195,2.1759138,6.3791804,CD4 T cells
12.965168,11.715067,10.276718,10.589632,11.533764,10.209158,CD14+ Monocytes
0.7124251,15.858045,-2.4634466,10.694892,-1.5085878,12.399439,NK cells
1.5270349,5.7538395,-2.201761,0.7941028,1.1536584,2.8099115,CD4 T cells
1.2053674,9.292213,-2.091887,4.590275,-1.7672777,6.908988,CD8 T cells
0.55842596,3.8167093,-4.173575,2.3005557,-0.3977095,4.5503783,CD4 T cells
-0.44816703,2.3724697,0.96481,1.2470394,0.5096188,3.7894204,CD4 T cells
14.481536,7.582469,13.4469595,9.86684,14.048187,7.6803465,CD14+ Monocytes
4.724345,0.019456008,9.8827505,4.8068857,5.7969236,-1.2646704,B cells
-2.4952826,5.062699,-1.2914315,5.1601987,-0.3136717,2.7441206,CD4 T cells
1.5422971,7.766949,-3.0179713,2.2528906,3.076483,3.8636365,CD4 T cells
2.9563525,6.262856,-1.9631356,0.98737335,0.76437104,3.6056201,CD4 T cells
12.191717,10.290623,11.895197,11.925281,10.389731,10.631108,CD14+ Monocytes
1.867534,13.193668,-2.290571,8.063628,-1.992474,9.916393,CD8 T cells
0.61450523,8.752976,-3.7973318,4.552682,1.3037286,8.05436,CD8 T cells
11.567705,12.942018,9.916388,12.496877,10.945802,10.421976,FCGR3A+ Monocytes
-0.4632254,8.230305,-1.9990946,5.518264,-0.28904074,7.036897,CD4 T cells
1.1991595,14.374817,-3.5625644,9.137651,-1.7233001,10.675399,NK cells
12.027445,9.75891,10.578514,10.347328,12.823939,9.310588,CD14+ Monocytes
12.321773,8.455725,12.828073,10.481146,14.251378,7.781943,CD14+ Monocytes
14.140144,7.874895,12.33229,10.373818,14.019482,9.3684,CD14+ Monocytes
-0.10823304,9.774749,0.522583,3.0517988,-0.5366705,6.8201385,CD8 T cells
4.679544,-0.5462944,9.56456,4.7651997,6.7051725,0.50251335,B cells
0.6902871,16.045488,-3.3369188,10.8709135,-2.1854877,11.567331,NK cells
12.254656,8.669692,12.744657,11.202954,13.042332,10.044775,CD14+ Monocytes
-2.2298539,6.1347284,-1.7777323,5.4166646,-0.6420573,6.980822,CD4 T cells
1.5867695,12.422294,-1.7252096,8.393668,-2.0758884,9.615048,CD8 T cells
11.131681,12.555946,10.099594,12.543798,11.467767,9.942227,FCGR3A+ Monocytes
-0.7924741,6.42459,-1.9758857,1.911719,1.7476039,6.457426,CD4 T cells
-1.6967431,4.865943,-1.2153263,0.43936637,1.1718321,5.103842,CD4 T cells
2.8259232,-1.8721168,10.80866,2.9534883,5.9660096,-0.3077548,B cells
3.9189541,0.3629503,10.384069,4.5999765,6.6429563,1.2348298,B cells
1.2100784,7.7784805,-1.4514148,3.3958862,-1.9856184,5.509429,CD4 T cells
12.6211,13.775019,8.830866,12.068555,10.894931,11.671886,FCGR3A+ Monocytes
-0.51676357,3.5543149,-0.6454007,1.8282181,-0.5553104,4.6676574,CD4 T cells
-1.548922,6.6743455,-2.6267827,1.5423762,1.9106661,4.8601475,CD4 T cells
1.3764653,15.375227,-3.6832538,10.258409,-1.3472148,12.176752,NK cells
4.180174,-0.06124721,9.308566,4.375964,6.0373154,1.4672711,B cells
12.797927,9.969133,11.141282,10.642391,13.999032,7.43022,CD14+ Monocytes
1.3755666,3.671348,-1.8049235,0.51558006,0.822129,3.9055424,CD4 T cells
14.346575,9.41989,12.655977,9.385853,13.656002,6.883724,CD14+ Monocytes
0.7705603,16.229168,-3.1395218,9.697829,-2.05789,12.272747,NK cells
-0.119771205,15.486216,-3.3260374,10.339724,-1.8936206,11.75289,NK cells
1.1295974,5.8011427,-1.5225103,5.839713,3.771393,5.4593735,CD4 T cells
1.8310721,4.4390697,0.2626515,1.9921424,1.1746957,4.5052886,CD4 T cells
13.662275,9.322913,12.401092,9.612556,11.971266,9.134247,CD14+ Monocytes
12.677987,7.818068,12.384355,11.728371,11.618957,7.910289,CD14+ Monocytes
-0.36381787,5.25405,1.2326734,2.768401,-0.8752795,4.53102,CD4 T cells
-1.7067938,6.209711,0.19928156,4.454657,1.6115197,5.1136785,CD4 T cells
-0.28132704,4.218121,-1.2965344,0.99631006,-1.7649913,3.6022644,CD4 T cells
13.945652,8.128757,11.947784,12.313776,13.740122,7.755785,CD14+ Monocytes
-0.53917944,6.7436285,0.92421097,3.5957308,2.3824463,5.6365857,CD4 T cells
-0.28201398,5.753402,-0.52303314,1.5717449,-1.7597891,3.911273,CD4 T cells
3.0887642,-0.7917174,-1.621942,1.5747837,-0.339228,3.1531062,B cells
0.25498214,4.1787915,-1.397562,2.2195473,0.8532691,3.551942,CD4 T cells
2.1030836,4.9925723,-1.798558,4.4829683,2.6041734,5.5121536,CD4 T cells
-2.946083,5.8263326,1.1025437,4.026763,0.048566755,5.1620116,CD4 T cells
11.569718,7.8254085,13.512829,11.633346,13.77145,8.701202,CD14+ Monocytes
12.086191,11.511796,10.234166,11.092506,12.044282,9.748845,CD14+ Monocytes
11.790134,12.424757,9.335884,11.730535,11.285077,10.153164,FCGR3A+ Monocytes
-0.7923965,9.530669,-3.2382956,4.4419584,-1.178995,6.9376388,CD4 T cells
-1.5859638,6.011959,0.9189854,1.7951075,-0.37820807,4.382059,CD4 T cells
14.171942,9.493351,12.635318,9.75354,12.9827175,8.1133175,CD14+ Monocytes
-0.6846779,6.234475,-0.99195427,3.7086132,2.6735816,4.098974,CD4 T cells
-2.5545998,7.6320143,-2.1146183,3.095066,-0.8823985,5.6560144,CD4 T cells
12.586949,10.606393,11.49127,12.096083,11.331149,8.683165,CD14+ Monocytes
1.1570315,7.1889734,0.05609099,3.4029675,1.730498,5.188825,CD4 T cells
12.153776,6.9029,13.676559,11.67085,13.367607,9.487681,CD14+ Monocytes
0.5488299,5.4148393,-2.6552973,4.5302787,0.7233106,4.50958,CD4 T cells
11.762382,13.218586,9.129412,11.239288,10.297553,10.648336,FCGR3A+ Monocytes
1.1063062,8.600476,-3.923105,4.5346575,-0.23456097,6.177069,CD4 T cells
-2.3111322,8.162111,-2.065143,5.3425746,-1.452223,6.516841,CD4 T cells
11.4387455,11.464558,10.052663,10.125482,11.498173,10.372461,CD14+ Monocytes
9.556296,7.7386284,11.227813,7.9412932,10.283535,6.6784096,Dendritic cells
1.4366324,6.60893,-1.3066626,2.4770815,-1.5807523,4.9870825,CD4 T cells
-0.2191594,5.1339684,-3.8762028,3.8693516,2.7713013,5.2460723,CD4 T cells
12.755841,13.203123,9.325648,11.664042,10.747275,10.853627,FCGR3A+ Monocytes
13.86532,9.235194,12.38916,10.030237,12.989307,8.037995,CD14+ Monocytes
0.97960883,3.4352999,-0.47269708,0.9088198,1.9460664,2.9646258,CD4 T cells
14.18528,9.797129,11.919614,11.812228,12.818043,9.77815,CD14+ Monocytes
0.8630198,7.696477,-1.4193304,4.1810637,2.9195986,5.9723926,CD4 T cells
0.8287271,4.638161,-0.20841837,2.414393,1.3684005,2.3096113,CD4 T cells
0.41610765,15.252975,-3.0518572,9.782823,-2.621532,11.451965,NK cells
1.8587943,13.313508,-3.5547078,8.325777,-1.4830527,9.944474,CD8 T cells
-0.08455253,9.993124,-2.494818,4.3845506,-0.4479535,6.814941,CD4 T cells
-1.7412833,5.560329,-3.933756,3.1081276,1.6546178,5.8767285,CD4 T cells
-1.4165117,6.918145,-3.1455727,4.2125397,2.403688,7.4734216,CD4 T cells
1.0041989,5.1189914,-2.9102933,1.3501439,0.057159085,3.701484,CD4 T cells
14.164988,7.2853265,13.33209,10.498736,12.419973,7.038709,CD14+ Monocytes
-1.813992,6.8285522,-0.8341111,0.83792156,-0.14100146,6.531869,CD4 T cells
-0.11107227,7.156511,-2.2459707,3.2930872,-0.21240701,6.396844,CD4 T cells
-1.5430003,8.359501,0.24097368,4.0710177,-1.232539,4.7443333,CD4 T cells
4.7543716,-3.3186762,9.302594,3.1489465,7.8681774,-0.1356399,B cells
11.87889,12.896125,9.132832,12.380418,10.588683,9.67718,FCGR3A+ Monocytes
5.9409513,-1.7976688,10.077224,3.9320748,7.098122,0.83429396,B cells
0.7218798,5.661273,-0.5790846,4.031564,2.331996,6.591098,CD4 T cells
0.33819813,5.5840163,-0.1471983,2.8613324,-1.7064934,3.971939,CD4 T cells
-2.1147523,8.365933,-2.5348608,3.329945,2.8916597,5.691389,CD4 T cells
1.6694115,13.079335,-2.0858212,8.586315,-1.7586864,9.662749,CD8 T cells
-2.4048686,6.2857246,-0.7900335,3.5938778,0.69041204,3.7080123,CD4 T cells
-2.8529418,5.5385423,-3.4397042,3.9148364,0.72750735,5.526929,CD4 T cells
0.306586,14.541322,-1.9963019,9.46093,-1.6629832,12.641983,NK cells
1.1065402,6.7193627,-1.3166349,2.819112,0.410043,3.9827745,CD4 T cells
13.82554,10.28375,11.092947,9.277553,11.313894,9.283384,CD14+ Monocytes
-0.29032403,2.6642861,-0.36446896,0.63359094,0.7763148,4.3634815,CD4 T cells
1.6642176,4.5891457,0.6803933,2.55501,-0.9555676,4.1139174,CD4 T cells
11.628974,11.800467,10.08482,11.413815,10.601904,10.193332,CD14+ Monocytes
-1.3322682,11.1103115,-0.30691803,6.161251,-0.6919321,7.88609,CD8 T cells
-0.05542969,9.230817,-0.13883589,3.791313,0.08012624,7.766827,CD8 T cells
0.457266,6.4428897,-3.1989505,4.180496,1.5064127,5.623115,CD4 T cells
12.687136,11.245164,11.387046,11.825451,11.210191,9.6883955,CD14+ Monocytes
1.0670393,10.998519,-1.6997343,6.5230646,-0.7788349,8.890492,CD8 T cells
-0.42139813,2.846665,0.11204672,2.212874,1.0339724,5.3134646,CD4 T cells
-0.5998498,10.402658,-0.5535816,6.543484,-1.7604595,7.5292554,CD8 T cells
0.80510694,9.206434,-0.036263026,3.0847313,0.8377494,7.02218,CD8 T cells
0.9575799,12.7341,-2.6778193,7.6607847,-0.4942035,9.937716,CD8 T cells
-0.9360526,7.552086,-4.358242,4.1472635,0.46206427,7.025944,CD4 T cells
1.1735604,12.638293,-1.6157186,7.7772446,-1.0895642,9.899336,CD8 T cells
-1.0759078,6.728708,-1.8642118,3.680502,2.352207,6.1097364,CD4 T cells
5.331188,-0.31387874,11.07802,4.54811,6.183407,-0.9367338,B cells
13.195691,7.7541013,13.30373,10.075683,14.134306,6.740295,CD14+ Monocytes
-0.43917668,7.3111935,-4.2255654,3.3261542,2.8960564,5.6994123,CD4 T cells
1.7128942,5.7378955,-1.0702676,2.0071793,1.9421133,2.8270423,CD4 T cells
1.6411546,7.445644,-3.9692001,3.3411057,0.7957576,4.006794,CD4 T cells
12.283576,8.963409,12.286068,10.479845,11.644227,8.474213,CD14+ Monocytes
0.29988015,8.293237,-0.47227293,3.0314856,-1.6931077,5.5349116,CD4 T cells
11.326324,13.101448,8.741856,11.676897,11.235421,11.315875,FCGR3A+ Monocytes
0.7486133,11.756013,-2.400371,7.416203,-1.6197722,8.753879,CD8 T cells
13.095413,8.687805,12.483874,11.58571,11.795881,7.571561,CD14+ Monocytes
13.126496,7.465901,12.175904,10.008351,13.855273,7.1258826,CD14+ Monocytes
0.70708525,3.6473649,0.41806793,1.7763822,1.9528469,4.1558514,CD4 T cells
-1.2118921,7.273488,-2.07492,0.8240618,1.1133404,7.0942903,CD4 T cells
4.8905177,-0.40546316,9.9874,5.3852854,6.135996,1.5409926,B cells
-0.5348952,5.2000594,-0.37433445,2.242353,1.9229183,6.855884,CD4 T cells
1.8927786,7.4478645,-2.1190863,4.595589,-1.863149,5.297629,CD4 T cells
-2.184772,5.663714,-1.9565086,2.9131675,0.120867014,5.0507703,CD4 T cells
3.9639382,-0.44446298,10.723528,3.5813367,5.7157054,0.20453778,B cells
0.18279442,6.6818395,0.140428,0.8128329,2.2135663,6.0223575,CD4 T cells
13.071892,9.729772,12.002061,10.699992,12.499749,7.338642,CD14+ Monocytes
0.5034955,5.728705,-2.6710274,2.0565658,-2.0458162,4.7365794,CD4 T cells
0.7409779,7.584287,-2.585674,3.021607,-1.8558023,5.6877165,CD4 T cells
-2.0361202,8.56007,-2.7343023,5.2078276,1.7232985,7.8006277,CD4 T cells
1.5283835,3.9410408,-3.0812488,1.7220612,3.2815561,4.2210436,CD4 T cells
-2.3790364,7.3044095,-2.8434582,2.7408187,2.2786438,3.3331108,CD4 T cells
11.302843,13.368968,9.602286,10.689467,11.47394,11.486173,FCGR3A+ Monocytes
4.1200747,-1.1239305,9.27969,4.726154,6.0544186,0.21875404,B cells
1.4084685,7.941789,-1.6969341,1.6170416,1.9011264,7.307982,CD4 T cells
0.21277992,8.740896,-3.257868,4.7088037,0.3404189,7.53,CD8 T cells
-0.43921328,5.66305,-3.1281457,3.2854357,1.8639927,5.230267,CD4 T cells
1.7920185,12.795648,-3.3424034,7.6831307,-0.2822261,10.312399,CD8 T cells
10.360317,12.061252,8.985389,9.606409,13.086226,11.042276,CD14+ Monocytes
-2.7437181,7.187348,-3.2243862,3.3159647,1.285507,6.4113965,CD4 T cells
0.15847822,5.7854333,-1.1505868,4.3542295,-1.4059513,4.488939,CD4 T cells
5.709556,-1.6942253,9.019184,4.5305037,6.1623573,-1.1421875,B cells
4.8024855,-0.7998706,10.592944,4.331952,6.375247,1.1071776,B cells
-2.0171418,5.208592,-3.4352794,2.769842,2.0271704,5.3833337,CD4 T cells
1.2626293,4.038529,-1.0875888,1.2653302,0.7171276,3.2173615,CD4 T cells
0.6625317,6.5953045,-2.7572157,2.8517745,0.21555977,5.16538,CD4 T cells
0.851734,6.2694817,-3.0297933,4.4587207,-0.78971,5.8106227,CD4 T cells
-2.4228697,5.0140605,-2.164808,5.7732916,-0.6390849,7.690643,CD4 T cells
0.5448415,11.757267,-3.09612,7.146478,-0.4125046,8.085307,CD8 T cells
0.51662284,14.991586,-3.1305857,9.319312,-1.7074349,11.976431,NK cells
1.5886879,5.1138434,-1.5047405,0.47575465,1.608016,4.998447,CD4 T cells
-1.9366028,6.505151,-1.412945,0.9123251,1.2223272,6.566549,CD4 T cells
0.52990013,7.716286,-2.8404715,2.90208,-0.4210233,5.9155183,CD4 T cells
-1.5642185,10.625531,-2.7320926,6.174588,-0.06886903,8.637121,CD4 T cells
-1.2545667,3.6518884,0.40484607,1.1733235,-0.87723047,3.7170959,CD4 T cells
1.2420315,3.0695965,-1.6167858,2.0016267,-0.41490707,4.4991746,CD4 T cells
0.8440996,8.029527,-1.6915909,3.9023821,0.32142913,5.4200964,CD4 T cells
-1.5242962,6.3406014,-2.5940764,2.157274,3.0330625,6.292459,CD4 T cells
-2.5269828,6.669234,0.5446655,4.3860373,-1.6942159,6.321997,CD4 T cells
0.42787609,5.8619847,-2.0053883,2.2224538,-1.483095,4.1618404,CD4 T cells
-2.8594873,7.0462236,-1.4277287,4.1746125,2.6946688,3.7764971,CD4 T cells
-1.0061564,3.1889048,-1.1871133,2.2845023,0.82076156,5.3605566,CD4 T cells
11.373216,13.74523,8.397567,10.515884,11.71188,11.819608,FCGR3A+ Monocytes
-1.9595908,7.3800497,-0.0020793134,4.5856743,2.5042248,3.614408,CD4 T cells
-2.1199203,7.124053,-0.77834177,3.618762,0.80751044,7.8929105,CD4 T cells
11.5172825,14.416487,9.256423,12.383623,10.644978,11.919215,FCGR3A+ Monocytes
11.554585,8.398735,11.720241,10.5619755,11.802465,8.692938,CD14+ Monocytes
0.11916866,4.2014313,-2.6295447,2.4351032,1.6213431,3.5131786,CD4 T cells
4.6356087,-2.1556756,11.683039,4.728253,7.3063817,-0.07003404,B cells
8.909552,7.2491655,10.484538,6.620598,10.003201,6.3553195,Dendritic cells
11.855964,8.808539,11.82672,9.673886,13.762705,8.7052145,CD14+ Monocytes
-0.8389806,3.9612606,-0.077729255,1.3497887,-1.7085468,3.6966574,CD4 T cells
12.101333,7.921769,12.93469,11.701695,13.788957,8.708171,CD14+ Monocytes
5.191337,-2.4205022,10.957033,4.6125603,5.8343167,-0.64350516,B cells
-2.744875,8.318732,-1.5723349,4.5583158,0.64165246,7.624042,CD4 T cells
13.596116,9.908171,11.282333,11.296735,13.49944,8.501048,CD14+ Monocytes
-0.620643,2.9565296,0.31653646,1.9167438,-1.113898,3.4649708,CD4 T cells
11.734752,12.209415,9.884756,10.780043,10.859741,10.050897,FCGR3A+ Monocytes
11.058685,13.7108345,9.668351,11.506072,10.792407,11.520087,FCGR3A+ Monocytes
2.5598207,6.9343233,-2.6099684,4.2470202,-0.6786452,4.530472,CD4 T cells
-0.29888698,15.608859,-2.324605,10.7073,-0.7383111,11.946668,NK cells
-1.6631957,10.1110525,0.082380176,5.595413,-0.5140095,7.549357,CD8 T cells
1.6576647,6.9082327,-1.9588853,1.5167795,0.61691123,3.80132,CD4 T cells
-0.0892557,7.710135,-2.4359827,5.228844,2.7546597,6.6262684,CD4 T cells
0.09390536,7.0951133,-2.5881078,1.2789348,-0.08093273,6.037424,CD4 T cells
12.182154,13.922525,9.151307,10.880845,11.631673,11.536112,FCGR3A+ Monocytes
13.416967,9.3719845,12.315421,10.742861,13.374714,7.5609956,CD14+ Monocytes
0.44719598,4.770836,-0.028148893,1.6107355,-0.42633098,3.0559547,CD4 T cells
11.759354,9.621669,10.777552,9.714086,11.422311,7.9985323,CD14+ Monocytes
13.0120945,10.922393,11.654917,10.862851,13.084348,8.827822,CD14+ Monocytes
-0.8471542,8.736611,-0.22599745,4.988435,1.7905339,6.9299307,CD4 T cells
-2.6906033,7.968914,0.5482001,3.3964498,0.7397298,7.563919,CD4 T cells
13.733148,9.3978615,12.187793,10.095001,12.628659,7.7217693,CD14+ Monocytes
-2.3221226,9.037473,-2.4268982,3.8527503,1.7151786,6.3888783,CD4 T cells
-0.6222162,3.0990047,-0.7246715,0.54268426,2.767526,3.8253298,CD4 T cells
9.116566,7.445381,10.908217,6.7004533,10.068139,6.440432,Dendritic cells
-0.5940578,12.065149,-1.4700297,7.748426,-0.17634244,9.229707,CD8 T cells
11.026075,13.281674,9.383067,11.691027,10.795068,10.544665,FCGR3A+ Monocytes
13.985548,10.082447,11.540717,10.718565,12.988581,9.3686285,CD14+ Monocytes
4.6160617,-1.6856242,10.820079,3.0918252,5.815363,0.46270877,B cells
3.7932253,-2.5028715,10.257109,3.2750282,6.481441,-0.74642116,B cells
1.8018643,3.663008,0.7456199,2.1416738,1.6624906,4.920632,CD4 T cells
-0.3708198,15.649445,-3.6355364,10.258565,-0.7656578,11.759017,NK cells
12.352928,9.878871,12.059579,12.031047,11.776663,7.2717853,CD14+ Monocytes
-1.0650363,7.4732904,1.0710365,3.472333,0.7960078,5.583729,CD4 T cells
-2.1523876,5.349895,-0.818496,4.1774197,1.591571,6.277826,CD4 T cells
0.15009156,15.683424,-2.8642297,10.167005,-0.89510465,12.4801035,NK cells
0.088136144,2.550166,-1.9947958,0.29675716,0.857231,4.58987,CD4 T cells
-1.1294159,5.726198,-3.4442227,3.4037151,-0.12866655,5.3113627,CD4 T cells
-0.4606747,6.495602,-2.1617353,3.8200135,-1.4135766,4.4555387,CD4 T cells
1.216779,14.553021,-3.4526522,9.533069,-1.9143708,10.653497,NK cells
3.3452756,-1.562488,9.6345625,4.09405,7.2244177,-0.6666951,B cells
1.977865,4.3015947,-2.0864735,0.88684416,-1.2109823,4.196989,CD4 T cells
-0.2106882,3.8888235,-0.9775542,0.52590996,-0.75649565,4.7131953,CD4 T cells
1.2099301,7.861598,-1.8795245,5.138243,0.64086986,2.8437374,CD4 T cells
-2.2672923,7.068284,-0.9000346,2.6949685,-0.20825431,3.9049206,CD4 T cells
5.147663,-2.7399392,10.031113,3.9609354,7.9494095,-0.37773392,B cells
-1.0026324,7.911473,-2.1299899,3.0918014,1.312544,6.676886,CD4 T cells
11.076295,13.942875,9.422613,12.17345,10.557081,11.476761,FCGR3A+ Monocytes
10.990369,14.135447,9.486966,12.596845,10.144104,11.273607,FCGR3A+ Monocytes
4.039469,-3.27771,9.911603,3.5603747,6.2041917,-1.1116408,B cells
9.355413,7.694705,10.736526,6.8112216,10.011254,6.228411,Dendritic cells
12.66278,10.058691,11.62863,10.944565,11.626666,8.159911,CD14+ Monocytes
13.044225,9.547074,13.132311,9.887804,12.39606,8.562452,CD14+ Monocytes
4.192679,-2.1284733,9.762942,4.652833,6.464453,-0.39156651,B cells
-1.3824272,6.360495,-0.44561526,3.4375713,3.1236985,4.031575,CD4 T cells
-1.7453268,4.053638,-1.9344181,2.6726375,0.68794614,4.6411643,CD4 T cells
2.2443945,4.108061,-1.239693,0.25301445,1.5557458,3.8008678,CD4 T cells
12.368592,9.2967825,11.249791,9.991266,12.157064,7.573975,CD14+ Monocytes
-1.1766015,3.0341392,-0.9834904,0.35090184,-1.2565166,2.855278,CD4 T cells
-0.5747506,4.816072,-3.1692028,2.1167276,1.0606612,3.9000435,CD4 T cells
5.356473,-1.0856508,8.976833,4.056382,5.622163,0.99889386,B cells
-2.3387253,9.015515,-0.96332014,5.5091996,-0.5519202,6.9802456,CD4 T cells
8.949418,12.526809,7.3547964,8.961367,13.355515,12.961941,Megakaryocytes
0.18639185,15.956871,-3.0016472,10.809222,-1.6239792,12.060803,NK cells
14.519102,9.823346,12.184153,9.569695,13.668594,8.09863,CD14+ Monocytes
0.61104274,5.195441,-3.3757224,1.9782563,1.6079974,5.3681264,CD4 T cells
-1.8192965,8.541023,-1.3629093,3.3628974,0.7069094,6.2180142,CD4 T cells
-1.2281469,8.6975975,1.0797582,3.812399,-0.9408506,5.7937183,CD4 T cells
-0.27801278,6.3529134,-2.6094596,2.6580644,1.9619979,4.4942927,CD4 T cells
-1.0696137,4.6161337,-0.71156555,0.91192204,-0.58636814,2.8211696,CD4 T cells
0.52724,7.412493,-2.5569465,4.556976,1.9853383,4.847952,CD4 T cells
13.021704,10.70449,11.289505,11.249988,11.24996,7.464258,CD14+ Monocytes
3.8270016,-0.011613946,9.948956,3.7979326,7.0836606,0.8300265,B cells
5.064574,-2.843222,9.015709,3.6593633,5.3033032,0.3738087,B cells
-0.9612356,5.7357316,-3.6409557,3.3895478,1.0853045,4.5583553,CD4 T cells
-1.1177609,4.224284,-0.7741259,0.09667011,2.0845735,3.752884,CD4 T cells
-2.4093742,8.668247,-0.7618465,4.6372013,2.366584,7.0056934,CD4 T cells
13.321148,8.118968,11.971154,10.4338665,13.103238,7.670643,CD14+ Monocytes
13.423796,7.809686,12.24972,10.088179,13.028228,8.554979,CD14+ Monocytes
0.35994744,4.744753,-0.29425076,1.2803129,2.0108619,2.7620695,CD4 T cells
0.61446154,5.6326675,-4.5640545,3.05049,0.9980901,4.800393,CD4 T cells
3.9492557,0.16005875,10.688868,3.7491868,5.518857,0.47030845,B cells
3.360871,-0.625413,10.786998,3.2103343,6.203049,0.39212674,B cells
12.037083,8.982103,11.2346325,9.395071,12.19527,8.452604,CD14+ Monocytes
11.874194,12.905286,8.9145355,11.68961,11.338236,10.657312,FCGR3A+ Monocytes
-1.1827568,10.899622,-0.60006505,6.4356318,-1.1265476,8.458201,CD8 T cells
-1.9594467,7.662492,0.2615093,4.2804394,-0.72644466,5.7981653,CD4 T cells
0.07804475,11.527894,-1.648665,7.2837205,-1.1638875,8.047506,CD8 T cells
1.5280433,3.5978992,-0.65201485,0.95570004,0.5063977,4.309556,CD4 T cells
13.408276,8.889788,11.532923,10.094422,12.053964,7.2162204,CD14+ Monocytes
-0.8003614,10.219607,-2.8401523,5.949666,0.4575952,8.178356,CD4 T cells
-0.12250933,15.735072,-2.4404325,10.926312,-1.7236313,12.724142,NK cells
13.4355,8.281693,13.257182,9.338497,12.336288,8.988563,CD14+ Monocytes
4.38103,-2.1769931,11.444721,2.9669542,7.1871123,-0.96761495,B cells
1.1631113,8.869399,-3.1628485,4.5832677,2.7492385,6.0876102,CD8 T cells
4.553026,0.30585387,11.065171,2.9649706,5.2576547,0.6119725,B cells
1.4995434,13.316968,-3.3030663,8.560671,-2.076697,9.486501,CD8 T cells
-1.0082166,9.101257,-2.835351,5.319358,-1.5289972,6.875565,CD4 T cells
0.53617764,9.292877,-4.2438846,3.7796056,-2.0396976,5.930237,CD4 T cells
-0.46561635,7.603175,-3.2194512,2.5523,1.7202424,3.0072708,CD4 T cells
-2.010753,8.545328,-1.2415203,5.127712,1.3756136,7.1595726,CD4 T cells
0.53211576,4.02629,-1.5933403,1.2831112,-0.10995714,3.166712,CD4 T cells
-0.5809042,4.537758,-0.08490016,0.35123694,-0.79132754,5.3678017,CD4 T cells
14.325606,7.7611356,13.390706,10.785452,14.235936,7.7060804,CD14+ Monocytes
0.47053632,14.32425,-1.6697679,9.206671,-1.9864182,10.342901,NK cells
2.3041165,7.1491437,-1.4731164,1.0877844,1.9304345,4.6166873,CD4 T cells
12.241122,9.227327,13.096272,10.87028,14.295397,8.480443,CD14+ Monocytes
-0.39000785,4.5144434,-0.8166215,1.8597381,1.9356868,4.0434766,CD4 T cells
0.93833274,15.655151,-3.5171766,10.550461,-2.1785805,11.8186035,NK cells
11.797245,9.145492,11.847098,9.483505,12.141816,7.183697,CD14+ Monocytes
12.921146,9.813227,11.8327465,12.080118,11.793407,7.426841,CD14+ Monocytes
1.124434,6.7517557,-2.677538,1.3120015,2.224802,4.1660924,CD4 T cells
0.3959092,3.241094,-0.68118405,1.0753573,-0.4579323,2.6247005,CD4 T cells
-0.3411459,7.5624585,-1.7180195,2.8018954,3.4335966,4.414676,CD8 T cells
4.6166964,-2.4316764,9.1034565,3.9940598,5.221179,-0.4449947,B cells
-2.0107589,8.703047,-1.7564801,4.470241,2.145383,7.9381013,CD4 T cells
0.14796443,11.770442,-2.2747102,7.678114,-2.1174912,7.7157135,CD8 T cells
5.116181,-2.5786326,10.250506,4.846802,6.3522515,-0.88482267,B cells
3.7285392,-0.2880999,11.208928,2.8357093,6.3033123,1.0302453,B cells
-1.9451925,5.6552963,-4.2527275,2.90647,-0.635258,3.421852,CD4 T cells
3.840285,-1.9032681,11.23426,4.9467287,7.390612,-0.35082847,B cells
0.76371574,3.3013453,-1.1798124,0.58601975,1.064686,3.2756524,CD4 T cells
4.388849,-2.302751,11.591364,3.7991734,4.9125724,-0.7199555,B cells
-1.4826223,7.428194,-1.0199295,2.3366506,-0.0048909755,4.061869,CD4 T cells
0.13244824,4.920821,-2.9384048,1.4369017,1.8132046,5.1537104,CD4 T cells
12.129306,8.137951,12.172135,12.609208,13.196938,9.593747,CD14+ Monocytes
1.4368753,12.368163,-1.8766873,7.8805823,-0.58688146,9.4807415,CD8 T cells
12.5324335,8.700773,13.187038,11.793656,11.904844,9.008515,CD14+ Monocytes
8.833217,12.443711,7.369345,8.949482,13.345363,13.045254,Megakaryocytes
11.764172,14.527247,8.248721,11.849914,10.572998,11.515771,FCGR3A+ Monocytes
11.663412,7.649629,12.602157,10.99477,14.16557,8.627662,CD14+ Monocytes
13.077107,8.8314,12.565958,12.115256,11.396757,9.292974,CD14+ Monocytes
0.4143057,4.938837,-1.338517,3.7505531,1.8865067,5.272164,CD4 T cells
-0.98727417,6.0469,-4.0840497,4.0670905,-0.34635141,5.227537,CD4 T cells
14.189926,8.611845,11.9325695,9.379212,13.36935,8.003718,CD14+ Monocytes
1.2863393,14.22217,-3.7767496,8.561754,-2.012232,10.33526,NK cells
-2.1554372,4.569852,-0.31715882,3.1806872,1.015534,4.6121473,CD4 T cells
11.086928,8.917917,11.373497,8.52886,11.152405,7.4035835,Dendritic cells
-2.098351,7.139996,-3.4446363,4.9123306,-2.4251072,4.800469,CD4 T cells
11.971966,9.891586,11.782932,10.909094,11.826328,9.187885,CD14+ Monocytes
-0.063279554,3.6144173,-0.48740718,0.5365302,-1.7553283,3.1077418,CD4 T cells
-2.3961778,7.498894,-1.2487621,1.641904,-1.7052698,5.981747,CD4 T cells
2.3239477,6.61426,-1.5900667,1.88464,1.9402535,5.0053334,CD4 T cells
0.29336476,3.779178,-4.233303,2.1711729,-0.807664,3.661568,CD4 T cells
1.4740335,12.827955,-1.5577478,8.713849,-2.1233094,9.32014,CD8 T cells
12.0600195,6.9730325,12.949786,10.388312,13.93996,9.139695,CD4 T cells
-1.6876303,6.5008388,-2.5154989,2.6117878,-1.4840837,4.1315265,CD4 T cells
13.33866,8.677645,11.630387,10.210641,12.611135,8.316687,CD14+ Monocytes
-0.8559366,9.476323,-0.6311334,1.6062356,1.6692291,6.521386,CD4 T cells
11.491211,14.33592,9.712015,11.240954,10.871548,11.168547,FCGR3A+ Monocytes
-0.14355578,4.670958,-0.96355224,0.9676562,2.2229655,4.0338836,CD4 T cells
0.4228486,15.715393,-2.587785,10.953163,-1.6913826,12.377583,NK cells
1.4140171,11.51975,-2.395795,7.279534,-0.28033116,9.739346,CD8 T cells
13.272141,10.061339,11.630494,8.954814,12.450383,8.692466,CD14+ Monocytes
-1.5894997,9.871862,0.11051643,2.157572,-1.3610598,7.0222874,CD8 T cells
4.354497,-0.051591426,10.846818,3.6388595,5.5204034,-0.9034032,B cells
3.3062189,-1.9301063,11.353517,3.7622685,5.8188715,-0.049372457,B cells
12.689599,9.90047,11.052811,11.289823,12.8829975,9.387962,CD14+ Monocytes
-2.214394,6.2850094,-3.6414297,1.9183856,1.6019156,5.345159,CD4 T cells
0.2549737,7.5768876,-0.8288627,3.2195807,0.56742096,7.2904286,CD4 T cells
-1.4285941,8.476668,-0.60717523,3.8149507,-0.8038089,6.3028646,CD4 T cells
4.669155,-3.1152947,10.663358,4.7877483,6.5938625,0.22983731,B cells
11.918992,13.67337,8.901055,11.695081,11.74159,11.408547,FCGR3A+ Monocytes
-1.1727941,7.775709,-1.2954726,1.4529625,0.75984895,2.560682,CD4 T cells
12.91384,10.489229,12.126443,11.786877,13.96267,8.117059,CD14+ Monocytes
12.778111,8.156439,13.284243,11.3494215,13.888081,8.379816,CD14+ Monocytes
0.093928084,6.6124907,-2.7424486,2.7448883,0.98321545,2.54655,CD4 T cells
-2.3259208,8.285543,-2.0586312,5.1533794,0.6400987,8.004212,CD4 T cells
-0.11914702,7.256309,-1.0052806,3.1193235,-1.86003,4.157595,CD4 T cells
13.821129,8.746075,12.085391,10.813941,12.623163,7.274127,CD14+ Monocytes
0.3702922,6.195652,-1.9276886,4.488934,0.085765906,5.2093415,CD4 T cells
0.93674177,2.8619423,0.6084868,2.0178378,-1.153379,3.3888178,CD4 T cells
0.3526435,3.047802,-0.032320708,2.4851086,-1.6586652,3.823208,CD4 T cells
14.158516,9.00457,11.677364,8.955997,14.07009,8.973225,CD14+ Monocytes
11.166942,12.982164,10.137119,11.837753,10.302465,10.506195,FCGR3A+ Monocytes
12.996217,9.503235,12.011801,9.007392,14.063671,8.252206,CD14+ Monocytes
0.34839907,6.640751,-2.1716905,3.7292826,-0.1493688,4.2785063,CD4 T cells
3.3257565,-2.0147843,10.177171,4.126434,6.450633,-0.6590412,B cells
4.8644176,-1.5702152,10.510089,3.5639262,6.511273,0.4848858,B cells
3.4151459,-1.4662676,9.171596,3.9907434,6.2486835,-0.32180554,B cells
5.5164995,-1.5912313,11.287244,2.906722,5.4106317,-0.08827903,B cells
-2.2456834,8.096106,-0.8833605,3.0655932,-0.64639926,5.520394,CD4 T cells
11.857182,14.526166,8.253435,11.53935,11.108846,11.991741,FCGR3A+ Monocytes
5.0866885,-3.3381252,9.802907,4.827541,6.011245,-0.5568817,B cells
11.87574,8.181847,12.825152,11.904634,13.446625,9.293966,CD14+ Monocytes
2.0016863,5.514033,-1.8332996,1.1432444,0.31655303,4.16447,CD4 T cells
13.504243,8.860108,12.899982,10.7849045,13.01781,6.6364923,CD14+ Monocytes
14.011771,7.8911824,12.094424,12.4945545,14.600136,8.117052,CD14+ Monocytes
-1.3927914,3.6748981,-3.9517682,2.7711067,-1.0818663,3.7280977,CD4 T cells
-1.792866,9.663606,-0.8360536,6.0325036,0.6591951,7.8647223,CD8 T cells
-2.8085344,7.5546455,-2.5877597,4.212902,2.060686,5.1861,CD4 T cells
-1.5143827,5.2243185,-3.4986596,1.2068563,2.4443202,6.2996187,CD4 T cells
-0.7838008,9.305605,-1.0173589,5.577163,1.1279645,8.35271,CD8 T cells
11.62075,11.510969,11.2018585,10.491894,10.775727,9.664536,CD14+ Monocytes
12.153572,11.116378,10.76397,9.743562,11.959493,10.189199,CD14+ Monocytes
-0.67414474,5.539289,0.077950664,3.3234391,1.7013804,4.1029344,CD4 T cells
0.91158485,4.8434086,-1.1855097,1.8229109,0.5391423,5.973315,CD4 T cells
1.043989,9.843501,-3.2400346,5.6402187,-1.0573635,7.2678785,CD4 T cells
-2.0262134,7.6157665,-0.5104829,2.4387918,0.50406283,6.2993507,CD8 T cells
10.97038,8.819573,11.354496,8.354639,11.637198,7.9018106,Dendritic cells
1.2200208,15.75814,-2.703816,10.495571,-1.7731714,12.282657,NK cells
11.909642,6.908995,13.398574,11.013277,12.184571,7.763858,CD14+ Monocytes
12.325839,7.6416025,11.827343,11.158735,13.947241,9.537839,CD14+ Monocytes
0.97009134,15.588387,-2.5192127,10.328139,-1.1977555,12.7717,NK cells
13.625215,7.289239,13.479856,10.029888,13.327514,10.025766,CD14+ Monocytes
-2.390357,4.7931743,0.54396546,2.3203864,-1.4812057,4.2533574,CD4 T cells
1.6906924,6.22036,-2.719585,1.1226248,-1.2894233,3.634647,CD4 T cells
11.971301,10.778218,10.874464,11.856558,11.286059,7.58037,CD14+ Monocytes
-0.700746,8.860506,0.34219247,3.663887,-1.9238552,5.4267225,CD4 T cells
-0.03950553,7.4993353,-1.1840848,3.044912,0.33980235,3.3415558,CD4 T cells
13.823463,8.005551,13.295097,9.0293455,14.089625,9.94962,CD14+ Monocytes
-1.3863502,8.052375,-1.4967986,6.021547,-0.739381,7.0947294,CD4 T cells
4.1492743,-1.57577,9.006093,4.165773,6.0312243,0.31136125,B cells
11.331282,12.459753,10.554482,12.111167,11.389447,10.341585,FCGR3A+ Monocytes
4.356849,-0.22443083,10.056847,3.8735778,5.924002,-0.8566077,B cells
-0.7882734,13.276882,-1.9530218,9.412577,-1.0782045,10.771889,NK cells
-1.2502462,7.4100156,-1.1304171,3.4625323,-1.371828,5.2584605,CD4 T cells
0.25371394,10.415753,-3.1894336,5.767083,-1.7954065,7.756123,CD8 T cells
-1.2147956,11.478678,-0.15049924,6.155511,-1.0335618,7.710461,CD8 T cells
1.9157553,7.680387,-1.6970968,2.3626354,-1.544485,5.4083657,CD4 T cells
-1.9248613,6.7702456,-0.43226284,5.0962477,0.46356463,5.7641954,CD4 T cells
0.93321717,2.9198995,-0.8297607,0.6389132,1.7018282,5.9043784,CD4 T cells
-0.68728864,7.2338147,-1.0843916,2.538632,1.1172639,5.8964443,CD4 T cells
1.5230198,6.6413054,-1.0646317,2.7288206,1.3380558,3.9892032,CD4 T cells
-2.4160533,8.779604,-1.5850286,5.2072053,-0.4800862,7.1864247,CD4 T cells
0.6543177,3.2031043,0.23983535,2.4777582,0.4864226,3.2864597,CD4 T cells
-1.2904041,8.181876,-0.2971934,2.369292,0.961235,4.762862,CD4 T cells
-0.39460224,15.222978,-1.9404259,10.355801,-1.3896888,11.93807,NK cells
-1.0517159,10.825218,0.039481305,6.1779237,-0.36828956,8.569717,CD8 T cells
-0.43459868,7.9947906,-2.5973847,3.111902,0.050087456,6.3605337,CD4 T cells
-0.3422615,6.5068088,-4.5627832,2.7447648,-0.31441852,6.493874,CD4 T cells
-0.77982825,9.955616,0.03481929,5.4245505,-1.7681081,7.136931,CD8 T cells
0.8479784,2.591976,-0.9166324,0.69038177,-0.16139159,2.816272,CD4 T cells
-2.9292293,7.933867,-1.696419,2.499319,0.3524449,5.965465,CD4 T cells
-0.840781,11.71546,-1.9495807,6.9557943,-0.6193971,9.112832,CD8 T cells
0.54879373,9.383583,-1.0307852,0.69519734,-1.2420626,6.6454406,CD8 T cells
-0.44002518,5.6478367,0.6718682,3.228543,-0.5753517,5.888645,CD4 T cells
1.7705268,7.352373,0.3536737,4.5490184,-0.36322138,5.7952843,CD4 T cells
13.422827,8.975497,12.905954,9.554252,12.775523,9.592755,CD14+ Monocytes
1.4872124,4.086193,-0.34113613,2.2189248,0.74860483,3.454213,CD4 T cells
-2.0820806,7.255858,-1.2241137,4.0250425,0.31035566,6.0204763,CD4 T cells
0.45591113,6.1867795,-2.585377,2.3036315,0.12957864,5.1183386,CD4 T cells
1.5322567,12.290777,-2.850571,7.3697896,-0.8996178,9.689244,CD8 T cells
1.421477,11.255693,-3.5875857,7.365123,0.47810388,8.977388,CD8 T cells
12.760837,10.042212,11.354949,10.614198,12.276883,8.682259,CD14+ Monocytes
-1.5441127,9.562274,-3.7051873,4.265247,0.8729158,8.328071,CD8 T cells
0.26847243,11.447938,-1.4916563,6.9453764,-0.9919682,8.959219,CD8 T cells
0.93853885,15.686555,-2.9403727,10.402593,-2.4139493,11.900644,NK cells
0.71986824,13.663496,-1.5963509,8.884156,-0.9410553,10.787862,CD8 T cells
-1.0202453,7.2219915,-1.940533,3.166312,-0.27745423,6.352641,CD4 T cells
0.09847066,3.0240567,0.13343157,1.0834916,-1.0980271,3.2064426,CD4 T cells
13.011968,9.102814,12.890145,9.474273,14.295026,7.1525354,CD14+ Monocytes
0.8442826,15.750083,-3.1100318,10.2321615,-1.364021,11.561418,NK cells
12.600781,12.814835,10.145056,11.910144,10.786505,11.002587,FCGR3A+ Monocytes
-1.116455,5.7527766,-2.8538907,3.8505719,2.2895095,3.288156,CD4 T cells
5.2910557,-1.771937,10.429482,5.684471,7.243387,0.65654457,B cells
-1.9927603,5.4707794,-3.336142,2.78508,0.16647553,5.5420814,CD4 T cells
-1.8841608,6.876441,-3.2600982,2.850164,1.5559665,2.5085852,CD4 T cells
11.260605,13.73524,8.6199,11.979704,11.551589,11.702222,FCGR3A+ Monocytes
1.373341,6.0223165,-1.6062495,3.4625757,2.0119102,5.776234,CD4 T cells
-1.0468352,11.260671,-3.3939526,7.5664697,0.0945725,9.100781,CD8 T cells
-1.1219009,10.661084,0.42369604,5.1439075,-2.0811682,7.5228934,CD8 T cells
13.583796,8.397804,12.676543,10.973845,13.479859,7.4704385,CD14+ Monocytes
-1.515081,7.710465,-2.2489731,5.4380608,1.2028158,3.1319907,CD4 T cells
-0.0007111895,5.78015,-2.6852849,3.4875708,1.7624575,3.339363,CD4 T cells
0.05469237,7.8896675,-3.0487304,3.1993835,2.5075054,7.0150366,CD4 T cells
4.803148,-0.02555098,11.049297,4.888724,4.860961,1.3655843,B cells
-0.001234269,3.9912865,0.19285719,1.9014177,2.1175883,4.1919417,CD4 T cells
12.404542,7.9522824,11.874687,9.194148,11.756944,8.788983,CD14+ Monocytes
-2.1676586,6.601747,-3.1005633,4.745944,1.7851048,6.868716,CD4 T cells
1.4628063,5.4042253,-2.039149,2.1222663,2.7297244,5.848724,CD4 T cells
0.8272347,3.5836644,0.01490583,1.0650954,1.4286349,3.375384,CD4 T cells
13.542743,8.401459,13.208033,11.229765,12.675261,7.4316525,CD14+ Monocytes
2.0668423,5.5785418,0.06573231,2.9604158,0.1657665,2.920656,CD4 T cells
9.5369425,12.630955,7.6960063,9.243561,13.227372,12.781501,Megakaryocytes
0.36776617,5.0431147,-3.7074316,2.762695,1.8154775,3.184203,CD4 T cells
1.129051,14.853664,-2.7409585,9.3746605,-1.232454,12.637697,NK cells
-1.6895213,5.5129495,-0.06950169,2.5766835,-1.7577101,4.8296394,CD4 T cells
4.3613877,-0.17181359,10.113689,4.748538,6.17487,1.3184314,B cells
-0.24868302,5.0697074,0.06851813,2.2650187,0.02109335,3.2403016,CD4 T cells
0.105311975,14.952723,-2.0364091,9.607857,-1.3375688,11.285707,NK cells
1.0204972,6.768116,-2.137824,4.8263693,2.3362687,5.095932,CD4 T cells
-0.9709376,6.926029,-0.78282124,3.9258888,1.9136477,3.9479797,CD4 T cells
4.6975346,-0.266464,10.713037,4.4406133,5.8476696,1.0763917,B cells
11.73268,7.727256,12.852501,10.416949,14.023009,8.205944,CD14+ Monocytes
8.815389,7.112086,10.058953,6.110738,9.90769,6.093285,Dendritic cells
11.483473,13.639824,9.62064,11.406682,12.376902,11.001087,FCGR3A+ Monocytes
-1.9936852,7.2697053,-0.82409346,3.5457613,-1.5953126,5.656039,CD4 T cells
12.645071,9.718333,11.128553,9.218096,11.927749,8.9217825,CD14+ Monocytes
0.58112663,4.1281457,-3.152437,0.8397302,-0.07243835,3.3065026,CD4 T cells
4.264004,0.023955673,10.893665,6.0312157,5.7383065,1.0314734,B cells
13.026009,7.4549417,13.3102,10.225136,13.487469,9.096199,CD14+ Monocytes
-1.9782103,7.940313,-2.024212,3.546901,-0.48497763,4.4782953,CD4 T cells
-0.89512765,2.8216054,-0.26535237,0.6700382,0.89484066,4.5390625,CD4 T cells
-2.2724214,6.0918612,-1.26839,0.4372501,-0.1928874,4.042572,CD4 T cells
-1.274327,7.5250072,-2.9744306,3.2019207,1.9682827,4.664557,CD4 T cells
4.431409,-0.3915416,9.4724245,4.8707495,6.745648,-0.9232413,B cells
-2.42863,6.7250524,-1.4225928,2.099523,0.44413975,6.4640145,CD4 T cells
1.0464187,6.7144976,-1.9195017,2.8481905,0.70225567,4.3705654,CD4 T cells
12.103988,7.238044,13.711025,11.183336,13.995786,9.326212,CD14+ Monocytes
-0.16063984,10.62503,-0.659965,5.213144,-1.7288293,7.799017,CD8 T cells
-1.3078171,5.181919,-0.45818752,3.9577963,-0.79691756,4.765212,CD4 T cells
0.10934633,11.691162,-1.1546781,7.2528396,-1.8434303,8.6482,CD8 T cells
1.1288683,3.0045166,-2.0044363,0.22015913,-0.20618844,4.5234714,CD4 T cells
0.3141539,8.171803,-0.92971873,4.2991157,2.7940857,7.1969824,CD4 T cells
4.0569158,-0.041554984,11.244795,3.8964553,5.3301864,-0.94103193,B cells
12.0445595,11.4510765,10.328742,11.882496,10.508262,9.729116,CD14+ Monocytes
2.0799286,6.1972823,-2.2540054,2.321937,1.7762895,5.7605386,CD4 T cells
1.2249285,13.55963,-2.5604663,8.322038,-1.5033633,9.964539,CD8 T cells
-1.0511808,7.865215,-0.87470365,4.8697224,0.8206048,6.6443267,CD4 T cells
14.1259165,8.03804,12.83053,10.524868,14.181629,9.009454,CD14+ Monocytes
13.944179,7.064901,13.510895,10.0416155,13.861419,7.048357,CD14+ Monocytes
13.691898,7.971378,12.6179495,11.416738,13.149662,7.4030704,CD14+ Monocytes
1.582763,12.600063,-2.472833,7.873205,-1.7714822,9.902652,CD8 T cells
1.1492397,6.366771,-2.477251,4.275726,-0.8722723,6.8157015,CD4 T cells
13.749417,8.393139,12.570598,9.181361,13.951164,8.2810135,CD14+ Monocytes
0.12767227,6.2932053,-0.1693258,3.965694,0.11428951,5.6015253,CD4 T cells
12.486652,10.225257,12.187407,11.3513155,13.986211,10.122204,CD14+ Monocytes
9.097163,12.4868555,7.450203,9.150839,13.317365,12.916604,Megakaryocytes
-0.65669787,7.149266,-0.8642742,2.5652738,2.9624343,5.177618,CD4 T cells
12.709209,8.01306,12.5651245,8.661276,12.413814,9.06264,CD14+ Monocytes
-0.25324816,6.017307,0.061999712,4.148471,-0.3678842,3.6783245,CD4 T cells
13.600767,10.14929,10.949445,10.365471,12.620834,6.8037887,CD14+ Monocytes
3.2418194,-1.5635839,9.871781,3.768433,5.8476825,-0.82821435,B cells
13.441993,10.155104,11.700815,11.782893,12.79991,7.868344,CD14+ Monocytes
-0.9957704,9.16983,-0.40909803,5.169551,0.6576983,7.7606583,CD4 T cells
-0.91497505,3.7532415,0.17122234,3.5312278,0.065225124,6.441561,CD4 T cells
0.5630057,10.038972,-3.7161434,5.5095778,-2.0544326,6.9241524,CD8 T cells
0.21220106,16.509178,-2.6767876,11.088418,-2.105787,12.261074,NK cells
-0.37676132,5.9702663,-3.289113,2.737504,0.8914404,4.3206344,CD4 T cells
-2.618759,6.4149737,-2.7712002,3.435891,2.4824727,7.032656,CD4 T cells
3.645607,-0.22871111,11.438643,4.306781,5.643626,0.7372281,B cells
12.432,7.5207767,11.953136,12.36888,11.3468,8.641642,CD14+ Monocytes
0.2774121,5.637209,-1.150467,3.412054,1.35463,5.172429,CD4 T cells
0.15649942,5.770608,-2.1955411,1.7938571,1.232668,4.0906124,CD4 T cells
-0.48903194,10.510566,-1.1049867,6.145884,-0.9337142,7.7946234,CD8 T cells
3.3990088,-2.764374,11.624158,4.210984,4.976371,-0.025748821,B cells
-2.136584,8.343157,-3.0214903,3.7268412,1.274798,5.687325,CD4 T cells
13.80141,10.300499,11.999137,10.209484,12.978618,9.035427,CD14+ Monocytes
13.333803,10.738805,10.932395,12.15866,12.96431,7.3993554,CD14+ Monocytes
9.498684,7.78926,11.386361,7.922704,10.767699,7.2254047,Dendritic cells
-1.1003138,9.146444,0.0008001641,3.8833728,0.32405955,5.927315,CD4 T cells
12.980348,8.413711,13.121235,10.995577,12.264232,6.820026,CD14+ Monocytes
0.8664354,12.486591,-3.3902617,7.8691,-1.824573,8.923573,CD8 T cells
14.058303,7.662129,13.103814,10.785285,13.969291,7.8476787,CD14+ Monocytes
-1.2621574,11.348035,-1.91613,6.7683935,-1.6141803,8.021905,CD8 T cells
0.46038285,3.3971379,-3.799315,1.6918877,0.04346799,2.729072,CD4 T cells
1.240841,15.344024,-2.513073,10.15935,-1.2734468,11.906013,NK cells
3.5037897,-0.31284073,10.483548,5.3843656,5.338028,0.81508917,B cells
3.982754,0.64896387,9.83315,4.0230813,4.6149945,1.32168,B cells
4.62648,-2.5249605,11.45354,3.6022346,5.7730584,0.5687673,B cells
12.505765,10.920439,11.002505,10.115881,11.003899,9.159127,CD14+ Monocytes
-1.3557317,8.935442,-0.2590315,5.2707233,0.45514527,6.403534,CD8 T cells
2.5370922,5.6803145,-1.0620753,0.7142922,1.0834235,3.270599,CD4 T cells
13.2484455,10.495769,10.482618,10.805258,10.991126,9.441538,CD14+ Monocytes
12.587693,10.308428,11.376211,9.307289,12.255527,7.7677608,CD14+ Monocytes
0.93810385,14.944873,-3.922251,9.318024,-1.857009,11.265983,NK cells
-1.0221514,5.9941936,0.16703472,2.9826918,2.1204476,5.535323,CD4 T cells
0.023415364,7.817267,-1.670019,5.1851583,0.029878251,5.0242634,CD4 T cells
-1.8466908,8.432192,-0.2507515,5.6888194,2.9830556,5.8782516,CD4 T cells
-0.8420733,8.218497,0.6253624,4.505999,0.8379109,6.7330027,CD8 T cells
-1.9844564,6.6774716,-0.48386884,4.617065,-0.8653699,3.7566519,CD4 T cells
-2.5295055,6.093176,-3.443052,4.462888,1.6208234,4.737788,CD4 T cells
1.1830902,11.918937,-2.7873023,7.0144973,-0.29235,9.45941,CD8 T cells
4.925187,-2.1869893,10.68901,4.4716506,5.7710347,-0.60398626,B cells
2.2153409,5.596524,0.5005037,3.571612,0.061675224,5.2288365,CD4 T cells
11.842331,8.090575,13.079026,11.662168,13.43872,9.821886,CD14+ Monocytes
0.24154638,10.867305,-2.2152896,6.9403625,-0.47901055,8.868372,CD4 T cells
-0.33689642,8.7111025,-2.384045,1.1728063,0.102217615,3.5564752,CD4 T cells
11.724689,10.3462105,10.098881,10.761817,11.613163,9.614,CD14+ Monocytes
0.78496146,16.072245,-2.2656598,10.708205,-1.643126,12.776544,NK cells
-2.3416436,4.919452,-3.5945325,2.3308625,0.906738,6.6083975,CD4 T cells
11.161597,8.651961,10.997927,8.909652,11.879438,8.867808,Dendritic cells
0.8689281,6.453716,-4.510224,3.0447867,0.74415153,5.130212,CD4 T cells
3.9729674,-1.6096642,11.875216,4.276993,7.5366306,-0.3608529,B cells
1.1352813,11.75885,-1.5277823,7.8668146,-2.0040445,9.1200485,CD8 T cells
4.715726,-3.553998,9.972764,3.712643,5.7608976,-1.2690221,B cells
12.584621,13.3073225,9.218213,12.675873,10.872881,11.079281,FCGR3A+ Monocytes
1.2319907,6.9505386,-2.5451956,1.3231403,1.4907405,5.036778,CD4 T cells
-0.3236974,14.982635,-2.453048,10.133041,-1.2793167,12.12234,NK cells
9.310176,12.67546,7.51762,9.2156,13.1686735,12.552223,Megakaryocytes
-1.8900871,9.98498,0.13018268,3.283591,-0.15535668,7.376127,CD8 T cells
0.7766677,4.849301,0.6036511,4.179567,-0.94526285,5.4078016,CD4 T cells
-1.9971749,6.5868964,-1.7713159,2.2003453,1.4307323,4.572872,CD4 T cells
14.044679,9.318225,13.360259,10.403158,12.825483,6.589671,CD14+ Monocytes
0.9084936,3.2759578,-2.8994217,0.73292434,0.9107335,2.5388255,CD4 T cells
0.64968884,6.021254,-1.4530991,1.6355591,-1.3487306,5.748268,CD4 T cells
-0.5399013,5.7023945,-4.6560416,2.6024866,1.4114617,3.924741,CD4 T cells
1.4816283,14.959974,-3.1190794,9.516334,-0.89002216,11.844918,NK cells
-1.6782808,5.425435,-3.4988196,4.31279,2.0974398,6.7739115,CD4 T cells
-1.4869593,7.87163,-2.164786,4.2352257,3.0472915,6.2011595,CD4 T cells
-0.58574283,10.286618,-0.20757104,5.429583,-0.5202259,7.402007,CD8 T cells
-0.49162814,12.840136,-1.975681,8.8230915,-0.29412097,8.921601,CD8 T cells
1.2094591,8.204989,-1.5194331,5.474996,0.523073,2.7205474,CD4 T cells
12.593604,13.532811,9.067753,11.831375,10.183841,10.95659,FCGR3A+ Monocytes
-1.9719834,6.501271,-2.0903487,0.60700446,3.2380505,5.499116,CD4 T cells
1.6644869,7.060254,-1.6502583,2.5496209,2.322873,5.355676,CD4 T cells
0.36653915,9.012776,-2.8712423,4.8051133,1.8833731,7.3467975,CD4 T cells
-1.0973583,11.479951,-1.1161307,5.982652,-1.449799,7.6453547,CD8 T cells
0.4026084,4.080345,-3.9625497,1.7232279,0.03309346,3.7763124,CD4 T cells
-0.45553833,11.512361,-2.5666497,6.592089,-1.083877,8.588456,CD8 T cells
-0.99549204,4.0558605,-1.6025647,2.289197,1.1755226,3.7270558,CD4 T cells
1.0929544,6.730792,-1.6666839,4.1636186,0.10224603,5.3177056,CD4 T cells
-0.7857506,13.87162,-2.0169322,10.274336,-1.3451538,11.353001,NK cells
-0.55578744,4.5943985,-1.3595873,0.5139593,1.6929277,3.966566,CD4 T cells
0.62796515,11.473929,-1.4519291,6.693035,0.5313421,8.979613,CD8 T cells
1.1983296,3.9255385,-2.2381136,1.2236139,-0.77375686,4.5962095,CD4 T cells
12.079421,8.088895,11.969834,9.104682,14.17044,9.48447,CD14+ Monocytes
12.151796,14.211133,8.208145,11.253688,11.053206,11.822606,FCGR3A+ Monocytes
4.864986,-1.4249319,10.803034,5.763365,7.5388265,0.5180636,B cells
12.661216,9.660215,11.974145,9.651881,12.783972,10.044161,CD14+ Monocytes
11.794836,7.090318,13.134887,12.142427,12.439044,7.8904014,CD14+ Monocytes
1.2601994,13.3963,-3.5390248,8.274784,-0.8527848,10.194384,CD8 T cells
-2.5898573,6.1259418,-2.2358685,2.2752848,1.0818739,5.4858627,CD4 T cells
-1.8938009,8.034226,-0.92300814,5.3591533,2.529257,6.808782,CD4 T cells
-0.88823134,4.8576937,-2.9884143,4.3059196,1.2283605,3.5363758,CD4 T cells
1.8173783,6.841832,-2.9848518,3.935984,2.0205271,4.283167,CD4 T cells
-0.5593543,5.0588107,-1.3577491,1.4774994,2.5776649,4.4656215,CD4 T cells
0.5809629,6.097026,-2.4779372,3.1870372,2.011083,3.7981677,CD4 T cells
14.183952,8.609501,12.21793,8.9694195,13.294243,9.405114,CD14+ Monocytes
-0.1028105,7.0293093,-0.26732746,2.5558767,3.3038354,5.00973,CD4 T cells
3.655736,-2.7250566,10.9378395,4.4356956,7.371024,-0.27343613,B cells
4.3694654,0.08566745,9.928506,4.7409964,6.062672,0.9269337,B cells
-2.3517468,6.876924,-1.8688084,2.4582024,0.24216782,6.134465,CD4 T cells
13.829219,9.349913,12.343054,9.381515,12.996327,8.717161,CD14+ Monocytes
-0.33434507,4.895105,0.6883871,3.460362,-0.2535804,5.5713234,CD4 T cells
13.389698,8.932467,13.343862,10.804235,13.686973,10.189648,CD14+ Monocytes
1.5901427,7.2215395,-2.480957,1.6256425,0.32552758,3.1854966,CD4 T cells
-2.644648,5.0071287,-2.648355,2.806091,0.43671313,5.714913,CD4 T cells
-0.85135674,10.43172,-1.2248294,5.7529874,-1.9382735,8.013792,CD8 T cells
0.7169561,5.1348586,-1.487935,1.668369,-1.3449079,4.022036,CD4 T cells
8.522251,6.9757004,10.40353,6.092519,9.8246355,6.09386,Dendritic cells
3.5850115,-1.3420568,9.143118,3.9040442,5.1645455,0.9100257,B cells
14.047046,7.818617,12.496614,8.840772,13.067039,8.973755,CD14+ Monocytes
4.4986186,-1.624348,10.550605,4.999336,7.1794815,0.39320415,B cells
-1.4434762,8.850658,-0.53737235,5.881896,-1.3001908,7.0022635,CD8 T cells
-2.41095,7.4050555,-3.823298,4.2320566,0.92335755,5.936834,CD4 T cells
-2.3653786,6.205055,-4.0410223,2.6398787,0.14242758,6.086651,CD4 T cells
5.226286,-2.7313135,11.432761,3.516719,5.94529,-0.88568604,B cells
1.0210137,7.715415,-1.9292773,1.6154469,-0.1267065,3.1344297,CD4 T cells
-0.06467014,16.074806,-3.3160012,10.481935,-2.0581973,12.085675,NK cells
1.4521291,13.674582,-3.65319,8.672218,-0.8034595,10.745102,NK cells
0.9606693,7.753138,-0.49290198,2.9665802,1.5654744,4.146631,CD4 T cells
4.323348,-0.6754863,10.0608015,4.9995565,7.3374357,-0.092327714,B cells
0.3764812,9.036661,-2.2742426,5.0798345,-1.9069996,6.4188685,CD4 T cells
0.79886705,5.978422,-2.9351327,3.2254784,1.7920269,3.998867,CD4 T cells
1.0770009,8.59628,-2.1968617,4.531742,0.1641249,4.939438,CD8 T cells
-1.4098735,8.1829605,-2.3439841,4.268864,0.081732824,6.747403,CD4 T cells
13.44906,8.310077,13.288449,9.102262,13.556411,6.8661995,CD14+ Monocytes
-0.6609003,9.78351,-1.2732364,5.931912,-0.2630998,7.1998935,CD8 T cells
12.474225,8.739946,11.843831,10.193689,13.164039,8.952979,CD14+ Monocytes
0.9844592,4.6474314,-2.8246052,0.8895766,2.4003327,3.8123581,CD4 T cells
14.279912,7.997167,11.786867,9.431714,14.480073,9.215879,CD14+ Monocytes
0.01975204,10.414701,-0.28031784,3.4501588,-0.092976935,7.66505,CD8 T cells
11.532354,7.903433,12.559182,10.8311615,12.469524,9.847812,CD14+ Monocytes
3.4718518,-1.1808685,10.765649,5.362543,7.189344,-0.4060137,B cells
-1.2401727,5.1915684,-3.9467554,4.022839,1.9817047,6.1133165,CD4 T cells
13.51455,7.085938,12.819165,11.877447,13.726314,9.987289,CD14+ Monocytes
11.583279,9.567146,11.068464,9.948017,12.3429785,8.929629,CD14+ Monocytes
5.006561,-3.4038467,11.686465,2.8824873,5.0477805,-0.5324772,B cells
14.335645,8.431047,12.6001835,10.552055,14.074503,7.6931453,CD14+ Monocytes
0.124264814,6.080606,-2.4050653,1.6836516,3.227122,5.99453,CD4 T cells
-0.674528,13.792325,-2.1247272,10.000761,-1.4910489,10.570554,NK cells
-2.163105,7.1703405,-0.0067196316,2.8041975,-1.402286,2.9996502,CD4 T cells
-0.5268942,12.587783,-1.6527545,8.037005,-0.9210556,10.868641,CD8 T cells
-1.6779863,7.2896447,-3.0147314,4.412988,0.44261876,6.3554177,CD4 T cells
13.6083355,7.088974,13.499764,10.716235,14.467214,7.684441,CD14+ Monocytes
1.3524644,12.993954,-3.5820134,8.161436,-2.3278975,10.0718775,CD8 T cells
-0.6431938,12.069129,-1.4752209,7.6215925,-1.2692623,8.841747,CD8 T cells
11.968058,8.357126,11.036696,9.705277,13.556111,9.341366,CD14+ Monocytes
3.4323437,-2.1996891,10.888524,4.7133856,7.223381,-0.49094447,B cells
4.822177,-2.4047995,11.931489,3.6532469,6.326889,0.25012094,B cells
4.104973,-1.9321907,10.936572,2.7741852,6.923763,0.53227854,B cells
-0.8893792,6.5280485,-0.93784446,1.3405074,1.5327088,2.5607195,CD4 T cells
4.847316,-2.0230286,9.52229,4.4451513,6.4900274,0.060660247,B cells
12.751742,9.921471,11.314634,10.100378,11.687892,8.538468,CD14+ Monocytes
12.483583,7.4794745,12.510754,9.958583,13.845926,10.139586,CD14+ Monocytes
1.9074745,4.628347,-0.87659365,2.5462182,-0.006650204,2.986801,CD4 T cells
11.092004,14.333914,9.56738,12.667396,10.12589,10.712865,FCGR3A+ Monocytes
-0.036522903,6.064542,-2.1963093,1.9187294,-1.9362204,3.9590905,CD4 T cells
1.7874843,13.592334,-3.6019204,8.757122,-2.3823807,9.925875,CD8 T cells
-0.59811497,5.130525,-2.0719888,2.5389402,1.0781919,5.874756,CD4 T cells
0.9979018,11.4667225,-2.5689712,7.357444,-1.4633998,9.15937,CD8 T cells
-1.2249912,11.042395,-0.7559232,6.544842,-0.40671316,8.586547,CD8 T cells
12.446902,9.54511,12.558179,10.212841,13.165112,7.733572,CD14+ Monocytes
0.3463291,5.1414003,-1.2818636,3.0353224,-0.04940307,3.5531268,CD4 T cells
14.079548,8.277676,12.36457,11.388132,14.328086,10.053217,CD14+ Monocytes
3.8092048,-2.867258,9.234025,3.2539368,7.325126,-1.4381571,B cells
13.317634,9.469946,12.2925415,11.493179,12.919429,9.590782,CD14+ Monocytes
4.193055,-0.3989371,9.880705,3.99952,6.8263855,-0.1286591,B cells
13.768872,7.499124,13.352402,10.075722,13.919964,9.467081,CD14+ Monocytes
1.0526444,5.5154076,-2.864782,3.0189228,0.5098678,3.123261,CD4 T cells
11.473914,14.21472,9.562261,12.600958,10.535403,11.303729,FCGR3A+ Monocytes
-2.0764122,4.916544,-2.9310412,2.3462453,0.9150688,5.126081,CD4 T cells
14.162576,9.637015,11.881571,10.364224,13.533334,8.513166,CD14+ Monocytes
1.8111916,4.2273555,-0.20464353,1.9836503,2.0032394,3.2322905,CD4 T cells
0.20747861,14.566962,-1.968677,10.488974,-1.2494869,10.903713,NK cells
13.800167,8.300728,13.201608,11.713685,13.878358,7.9805117,CD14+ Monocytes
2.0800874,5.972566,-2.8301818,1.1417787,1.6733955,4.12995,CD4 T cells
14.277543,8.98349,11.534774,9.392238,13.246352,7.8536267,CD14+ Monocytes
1.1160333,13.648976,-3.8228338,9.016612,-1.9449623,10.003135,CD8 T cells
0.60610217,11.497157,-2.6657655,7.6296325,-1.9913572,7.5968785,CD8 T cells
-2.14547,5.954399,0.599798,1.2509016,-1.929586,4.931844,CD4 T cells
-2.1321552,9.545229,-1.3071951,6.4396234,0.16638622,8.001716,CD4 T cells
1.2333295,5.57201,-4.318527,3.1133764,-1.0842006,4.8017125,CD4 T cells
1.1884488,4.2442336,-0.3927869,1.1892341,-0.8088198,4.3557296,CD4 T cells
0.6005178,11.793558,-2.425731,6.845868,-1.2622688,8.9206295,CD8 T cells
-1.3931242,6.8436103,-3.57772,3.9713814,0.63255215,6.3463225,CD4 T cells
13.93812,10.174101,12.439929,11.202519,13.6480665,7.551942,CD14+ Monocytes
-0.13643126,11.19943,-3.151285,6.8179655,-0.7470509,8.947208,CD8 T cells
-1.1519425,11.427137,-2.0834181,8.579268,-0.25744554,8.529228,CD8 T cells
0.41477236,6.2229567,-4.190219,3.5081146,-0.68448055,5.582595,CD4 T cells
-0.8889996,6.698315,-0.6583811,2.57524,2.6482875,4.5574875,CD4 T cells
-1.2220536,5.035074,0.8569161,2.3544326,-0.40484184,5.891645,CD4 T cells
3.981203,-0.48823634,10.701405,3.9100316,6.359333,-0.16917744,B cells
1.6135281,13.598947,-3.4893074,8.572707,-1.4221203,10.323579,CD8 T cells
8.9553175,12.645843,7.318628,9.048716,13.231601,13.096822,Megakaryocytes
0.86370873,12.093265,-2.2306569,6.0154877,-0.29311022,9.095057,CD8 T cells
-1.1059142,7.593407,-2.478896,4.848493,3.0480447,6.842439,CD4 T cells
1.6799264,4.030838,-1.456269,1.0234816,2.9893577,4.4954767,CD4 T cells
1.4274875,5.111744,-0.034339994,3.2872076,-0.6956955,5.2881365,CD8 T cells
12.22554,13.737035,8.771541,11.242391,9.995499,10.5222225,FCGR3A+ Monocytes
1.1906872,5.39255,-4.591911,3.066834,1.762075,5.364542,CD4 T cells
11.247376,11.683526,10.669219,11.923892,10.905599,9.9238205,CD14+ Monocytes
13.984652,10.309937,11.821784,9.152531,12.630688,9.200042,CD14+ Monocytes
0.84461737,16.352436,-2.6765609,10.741731,-1.9610848,12.0897665,NK cells
1.4411778,8.23005,-3.1571562,2.084275,3.2721627,6.447861,CD4 T cells
4.487071,-3.297317,9.899316,3.9850678,6.7265587,-1.2924582,B cells
12.201876,12.104172,10.833733,11.880452,10.575199,9.758687,CD14+ Monocytes
12.981957,8.559568,12.515388,8.94186,13.441547,9.948931,CD14+ Monocytes
0.89528114,4.501248,0.38357243,3.1409466,0.47911006,3.9352832,CD4 T cells
1.6406121,7.4650865,-2.2418478,1.2411002,2.1380007,5.2365837,CD4 T cells
0.9904028,9.233204,-4.259042,4.2745543,1.0265194,7.112296,CD8 T cells
-0.8191258,3.2398138,-3.637694,3.374824,-0.00022508737,6.9559274,CD4 T cells
5.1356072,-0.48768166,11.340391,5.543357,6.504554,1.0519499,B cells
0.26702198,10.114057,-1.9644704,7.148354,-1.5415894,7.5667267,CD8 T cells
-0.24030153,8.773505,-3.4358711,3.6846352,0.95638615,6.6528234,CD4 T cells
12.716284,7.4642415,13.64568,11.076158,14.692752,8.641342,CD14+ Monocytes
0.24170226,14.59706,-2.4797041,9.887081,-1.532659,12.561585,NK cells
1.001521,4.8973746,-4.0197415,2.6492684,2.231002,4.289044,CD4 T cells
3.665819,-0.871748,10.992834,3.177432,5.845951,0.9468526,B cells
2.149115,5.5118165,-3.2843463,1.301204,1.9380676,5.6014028,CD4 T cells
11.412391,13.610866,9.008909,12.204706,10.26529,10.894195,FCGR3A+ Monocytes
-2.4302711,6.43997,-0.28285277,4.4843554,1.8510585,2.865903,CD4 T cells
-0.47746712,4.294769,-0.8723543,1.8938775,1.4165065,5.029726,CD4 T cells
-0.060442008,6.38396,-2.2391899,1.9593666,1.9101241,7.3967032,CD4 T cells
-0.93547916,7.1754704,0.15001334,3.3595362,-1.4228199,5.396203,CD4 T cells
4.750744,-2.6253161,10.179455,3.6325736,7.5540504,-0.28969103,B cells
-0.03684353,13.224815,-1.4278575,8.278097,-0.8871039,10.240032,CD8 T cells
4.625844,-2.982012,9.51114,3.3200483,7.129633,-1.1585428,B cells
0.3868809,13.16952,-2.9884653,7.742002,-1.1915048,9.8267355,CD8 T cells
1.2873231,15.915588,-3.8277025,9.921552,-2.4301615,11.78683,NK cells
1.1319231,3.1605835,0.8149115,1.4756709,-1.632802,3.4317312,CD4 T cells
4.2544537,-3.2040184,9.968653,3.7254603,5.2499423,-0.18160719,B cells
-1.2984275,8.656215,-1.7604479,3.40056,0.72892165,5.673486,CD4 T cells
9.2240925,7.394573,10.570203,6.3714967,10.159387,6.7627625,Dendritic cells
0.17144534,3.830942,-0.83504635,0.97129965,-2.4079368,4.9898047,CD4 T cells
13.128469,7.133406,12.220429,9.128331,14.248529,9.116212,CD14+ Monocytes
12.886573,12.992953,8.509563,11.416568,10.84163,11.472107,FCGR3A+ Monocytes
4.5348716,-2.6448157,11.023502,4.6007466,5.506563,-0.18455668,B cells
-1.4579957,10.975532,-0.43367678,6.511623,-1.2691648,7.446554,CD8 T cells
1.6421007,4.953389,0.0149924215,1.1988689,-1.3199967,3.1774442,CD4 T cells
0.04832058,4.0745177,-1.4928083,2.5706267,-1.7951882,4.4755573,CD4 T cells
1.574325,14.954448,-3.259534,8.886646,-1.9902995,12.494404,NK cells
0.12724222,3.264953,0.18701765,1.4209964,3.1882827,5.085662,CD4 T cells
1.1269864,13.531574,-3.082389,9.122309,-1.4935058,11.063463,NK cells
0.5267856,16.481342,-2.629737,11.022683,-1.4034084,12.64185,NK cells
11.811385,8.153727,11.529762,8.5412035,14.039599,9.029127,CD14+ Monocytes
-2.1287987,4.0295196,-0.804068,3.2934716,-2.2033882,4.6658807,CD4 T cells
2.77996,6.0806932,-2.8780854,3.0642898,2.519216,3.4815075,CD4 T cells
-0.72912955,12.242607,-1.6632079,7.9404564,-1.6838636,9.306967,CD8 T cells
11.938443,14.03865,9.378388,12.555035,11.237971,11.793957,FCGR3A+ Monocytes
13.796522,7.69782,12.726616,10.412921,12.69141,9.387897,CD14+ Monocytes
-0.7207739,5.627012,-2.6506793,1.918382,2.0969958,3.1359322,CD4 T cells
12.838349,9.911847,11.203688,9.5363865,11.730875,9.249706,CD14+ Monocytes
0.88698643,11.513595,-2.8568213,6.626042,0.051737316,9.479809,CD8 T cells
-2.3297005,5.307259,0.03087151,4.5789433,-0.3246581,5.7564197,CD4 T cells
3.4141674,-1.9517916,11.850832,4.327813,6.941068,1.3469223,B cells
-0.07555949,9.173138,-1.4372507,5.152451,3.2903166,5.484493,CD4 T cells
-0.08643934,6.647055,-2.5701149,1.720667,0.7533024,5.8910255,CD4 T cells
4.0271535,-3.218851,9.820956,3.367828,5.1776266,-0.41730917,B cells
12.873527,10.146288,12.189066,10.393847,13.464569,8.783945,CD14+ Monocytes
14.260387,10.092607,11.969153,9.964334,12.700263,6.7982197,CD14+ Monocytes
8.997319,12.63552,7.257709,9.027824,13.430715,12.947655,Megakaryocytes
3.494715,-0.9130267,10.936353,5.424477,5.7881474,-0.5164185,B cells
0.68678343,3.8499105,-3.3208497,1.5667115,1.9166965,5.9176064,CD4 T cells
13.137548,8.197971,12.932974,10.245301,13.745014,9.190176,CD14+ Monocytes
-0.81076354,5.193992,-0.7475146,2.0086539,1.2328235,5.647202,CD4 T cells
-2.4658093,7.5787015,-1.1704139,4.76826,-1.2760895,5.0399656,CD4 T cells
-1.4100857,4.762892,-2.7358003,2.769962,0.31975597,5.1612973,CD4 T cells
-0.58975095,4.923361,-3.5432835,2.8168266,0.44266045,4.6294584,CD4 T cells
13.546508,7.8941603,12.84582,11.159177,13.228798,10.159702,CD14+ Monocytes
3.7982068,-1.9407037,11.15402,2.909502,5.1904774,-0.68627983,B cells
12.838153,7.22679,12.174977,9.31439,12.560444,8.71667,CD14+ Monocytes
0.47542793,16.368723,-2.106384,10.426584,-1.3783747,12.757044,NK cells
11.864149,7.713607,12.730094,12.442618,14.135173,8.268877,CD14+ Monocytes
4.001409,-0.15756363,10.8089285,4.2947035,7.130389,0.037037518,B cells
0.17192984,14.283,-2.3401735,9.321322,-1.9768877,12.29054,NK cells
13.621369,10.108309,10.94371,9.451647,11.870865,9.290818,CD14+ Monocytes
-1.2396368,6.358012,-2.828314,1.3796619,0.2371638,4.008326,CD4 T cells
-2.7058175,7.9038396,-3.9989643,4.220646,0.38437182,6.077484,CD4 T cells
14.01428,8.46076,13.158822,11.019777,12.848641,9.632783,CD14+ Monocytes
11.597447,9.225018,10.79071,9.3554125,12.212512,10.259158,CD14+ Monocytes
-0.32987416,6.465654,-2.8575912,4.7516747,-1.5704218,4.972394,CD4 T cells
11.493745,12.399185,10.270803,11.2703085,11.257129,10.958736,FCGR3A+ Monocytes
0.2317413,10.403177,-2.1430445,6.5198445,-0.9308131,7.940496,CD8 T cells
1.8428284,4.2366314,-2.7766726,1.6632729,-0.16797695,4.218029,CD4 T cells
13.667741,7.657017,13.18537,9.4914055,13.292761,7.618197,CD14+ Monocytes
-2.3425176,9.2774105,-0.8265661,5.790176,-1.4535273,7.7755556,CD4 T cells
-0.71593535,7.2719355,-2.7089705,4.5062857,-0.8541204,5.2157664,CD4 T cells
4.598144,-1.9131558,11.54934,3.1174154,5.5412946,-0.6696103,B cells
3.8761542,-1.7720505,10.775074,4.5462937,7.0501065,0.51428956,B cells
-2.534888,5.276964,0.7343847,4.6640687,-0.3123689,6.2320232,CD4 T cells
-0.50788474,9.5294695,-0.21489349,1.7699841,-0.20861417,6.681219,CD4 T cells
-0.5963591,4.572419,0.19445674,3.1200385,-0.7468003,5.0004077,CD4 T cells
-1.8680681,4.1018333,-0.0013551924,0.80021846,-1.1838909,5.7926626,CD4 T cells
0.840702,15.968271,-1.7795143,10.425069,-1.3053344,12.367248,NK cells
1.978798,6.3723493,-3.6950946,2.2890296,0.27730754,4.074105,CD4 T cells
13.356188,10.808526,12.048687,11.481355,11.750633,7.384718,CD14+ Monocytes
-0.25676584,8.866806,0.80403286,1.6448416,-1.6290832,4.4604726,CD8 T cells
-0.3081805,7.766618,-0.7701383,3.2841144,-0.05237172,4.796732,CD4 T cells
13.81784,8.600574,12.436677,9.802614,13.796813,7.633483,CD14+ Monocytes
0.6190149,8.42326,-0.6915684,4.765874,1.3795472,7.4375196,CD4 T cells
-0.41792408,9.838408,-0.7235232,4.955537,-0.9507592,7.121422,CD8 T cells
-1.6556228,4.204555,-1.1920109,0.56185573,0.41151932,4.5862494,CD4 T cells
-1.0266104,7.8695564,-0.1872788,3.4459743,-1.5415802,3.1601133,CD4 T cells
-1.0533196,10.521916,-0.46822459,6.478926,-0.894545,8.009212,CD8 T cells
0.22180676,6.71882,-3.6657562,4.62601,1.6933557,7.239533,CD4 T cells
11.127431,14.160595,8.476253,11.876197,10.566169,11.712803,FCGR3A+ Monocytes
5.6325374,-1.3955263,11.401938,3.076976,5.927524,0.960024,B cells
11.791052,13.860916,9.582619,11.596329,11.560119,11.211163,FCGR3A+ Monocytes
-1.354093,6.321172,-2.420087,3.357348,3.3642666,4.6145077,CD4 T cells
11.876758,11.139821,10.864802,10.613931,12.124321,7.68961,CD14+ Monocytes
11.774579,8.446587,12.565387,12.292748,12.975148,7.7149963,CD14+ Monocytes
11.307007,7.974915,13.287125,11.834727,13.120163,7.789539,CD14+ Monocytes
-0.93631077,4.5276823,-1.2587973,4.4696546,2.020619,4.4469666,CD4 T cells
0.8155633,6.0015597,-3.196623,2.9458265,-0.340861,3.825688,CD4 T cells
11.639765,12.144801,9.928204,11.184731,11.214108,10.074698,CD14+ Monocytes
-2.7926967,7.8361034,-0.64551866,5.700533,1.3738645,5.9666653,CD4 T cells
0.06582451,8.0327,1.1041416,4.116854,1.3324407,6.0221367,CD4 T cells
1.1693007,7.201915,-4.345043,3.3737698,2.2938714,6.830659,CD4 T cells
11.812111,11.029348,10.866313,10.682434,11.735006,10.412386,CD14+ Monocytes
1.348971,10.586348,-2.777054,5.858567,0.26017958,7.9584765,CD4 T cells
-0.5900157,12.670717,-2.2346766,6.796655,-1.1613158,10.04149,CD8 T cells
-0.3742012,8.549465,8.882315,10.959339,2.6949105,7.228726,CD4 T cells
11.292985,14.405624,9.6986065,12.714292,10.618336,12.020865,FCGR3A+ Monocytes
3.1415823,-2.5690243,9.422106,3.5656967,5.973666,-1.3952312,B cells
4.713368,-0.823161,10.977883,3.2904189,6.3737035,1.0147847,B cells
1.2523463,15.071746,-2.9080193,9.937497,-2.2262003,11.016483,NK cells
-1.5398562,9.971921,-0.18725052,6.060516,-0.8022526,7.298193,CD8 T cells
-2.6037574,7.3380437,0.44661337,4.312744,1.9999971,7.205172,CD4 T cells
4.73401,-0.7752739,9.004473,4.5477095,5.9193163,-0.13613543,B cells
-0.90290636,8.991723,-1.8824155,3.6552448,2.8461337,6.453873,CD4 T cells
13.91353,7.80855,13.529576,11.3233385,11.820432,7.54342,CD14+ Monocytes
4.860376,-0.62059075,10.671591,4.6535673,5.875,0.8647301,B cells
-0.2927071,6.3827877,-2.1486442,1.5360451,-0.8309187,6.1596313,CD4 T cells
13.282502,9.218516,12.670171,10.3619,13.867691,8.132814,CD14+ Monocytes
-1.6051124,6.0174713,-4.1678476,3.455674,1.4789866,7.0914025,CD4 T cells
-1.1433421,7.54017,-1.0043709,4.8415647,2.2433162,6.7216845,CD4 T cells
1.8020339,5.9322524,-1.8027413,2.8007877,-0.81805253,5.196955,CD4 T cells
13.188292,9.824478,11.917614,10.19818,11.529643,8.629192,CD14+ Monocytes
1.4970696,13.930532,-3.4086769,9.272714,-1.2472539,11.660975,CD8 T cells
1.081078,3.585908,-4.3725324,3.1906524,2.3258748,5.3192225,CD4 T cells
-0.11548314,3.7039785,-1.5958049,2.3966851,0.33558255,4.9743643,CD4 T cells
13.22819,7.281822,13.123002,11.606612,14.003508,7.873566,CD14+ Monocytes
4.090171,-2.023711,9.791653,4.1631722,5.8539553,0.45756522,B cells
2.1273577,7.186167,-0.8692138,2.5203004,2.0858393,5.4670463,CD4 T cells
0.9201993,14.549447,-2.6813078,9.569459,-2.1684818,10.413381,NK cells
-2.0697386,7.920228,-0.2851935,3.8267047,-1.5375528,4.1251297,CD4 T cells
4.750954,-3.5795143,10.710179,3.7011843,6.9048824,-0.6113296,B cells
-2.2109256,5.109511,-0.60169804,1.4349556,-1.6891508,4.30943,CD4 T cells
-0.031124905,6.67863,-4.4704695,3.542149,2.6882129,4.2955017,CD4 T cells
0.18725911,16.22129,-2.1768556,10.912827,-1.6181087,11.337886,NK cells
2.8929937,-1.426154,10.3112955,2.864789,6.2068377,-0.3691109,B cells
-0.034390584,11.495918,-1.3930732,6.8940363,-0.29282886,9.244387,CD8 T cells
4.488425,-0.31751132,11.685681,4.267346,6.313505,0.08452656,B cells
-1.1523682,8.257707,1.0745296,3.1282623,-0.71935177,7.241365,CD4 T cells
-1.2940999,5.7370563,-3.8317885,4.4145584,2.501164,4.7120814,CD4 T cells
12.822884,9.402887,11.85022,9.11613,13.125922,10.050267,CD14+ Monocytes
1.4976677,13.387998,-2.9902732,9.441849,-0.6251158,11.020862,CD8 T cells
1.7571591,5.2338696,-1.0675983,2.9451842,-0.04223995,4.362555,CD4 T cells
-0.7829963,3.8027396,-1.5004891,2.2512765,0.8649459,4.453532,CD4 T cells
-0.61264503,4.794683,-2.394973,2.1901288,-0.82280487,4.776961,CD4 T cells
-0.37578958,7.8178945,-3.2535312,4.347852,2.6894972,7.178907,CD4 T cells
5.8200455,-1.5764747,11.835689,3.7218544,5.044966,-0.17878984,B cells
4.110369,-0.7262343,9.817115,5.127827,5.516906,-1.0268373,B cells
1.0579433,10.133764,-3.5580914,5.8038535,-0.17041835,7.9720607,CD8 T cells
1.1340808,15.783775,-1.8349646,10.470486,-0.8909923,11.94407,NK cells
-0.37987268,7.740472,-3.0218754,1.4441471,1.9022009,6.8299193,CD4 T cells
12.483932,13.446751,8.828914,11.064851,11.755006,11.552176,FCGR3A+ Monocytes
1.1361814,3.6337326,-2.7389805,0.3440934,0.8687762,2.4412482,CD4 T cells
2.0661838,4.9756002,-3.2969494,1.468083,0.8619984,3.2245238,CD4 T cells
-0.5710601,6.9172044,0.7082044,1.3253161,-0.71439886,3.1509519,CD4 T cells
0.52823126,11.195083,-1.743594,7.178417,-1.5585067,7.696202,CD8 T cells
0.57131034,15.141657,-2.0289433,10.358152,-0.73030734,11.901232,NK cells
1.1793587,4.3430333,-0.85459054,3.1072767,0.71325934,3.4199615,CD4 T cells
-0.5749036,9.745914,-0.88291055,4.868355,-1.6589345,6.961034,CD8 T cells
-0.8789393,5.427036,-3.767536,4.4025154,1.808391,6.2529616,CD4 T cells
0.6794669,11.995484,-1.7790534,7.3936667,-1.4733202,8.875289,CD8 T cells
13.133026,10.93133,11.1699915,11.664728,11.668649,7.041154,CD14+ Monocytes
4.643776,-2.6827857,11.443223,3.30977,7.2219644,-1.1301888,B cells
-1.5804029,6.1455417,-1.0055698,4.6857405,0.11108503,6.506711,CD4 T cells
0.32690212,9.952615,-2.418179,5.4208884,0.5776941,7.0393214,CD8 T cells
-2.4531293,6.7757,-0.8875672,5.8401513,-0.75019205,6.647038,CD4 T cells
5.4288044,-1.166043,9.708476,4.6957817,6.298491,-0.9269166,B cells
1.3930223,6.5835066,-2.1988533,0.5319953,0.105468005,5.0069337,CD4 T cells
5.6997614,-2.3492987,10.537629,4.605515,6.276173,0.23241083,B cells
4.3685007,-1.7886047,10.08228,3.8539302,6.756201,-0.70921516,B cells
8.839999,7.125387,9.895326,6.2792726,9.698851,5.511998,Dendritic cells
0.4970616,11.800929,-2.2970617,8.138807,0.18606389,9.567818,CD8 T cells
13.610354,9.824998,12.214041,9.723381,12.97565,9.021056,CD14+ Monocytes
1.5636933,13.918328,-1.8136425,9.81366,-1.1799814,11.276461,CD8 T cells
1.1926239,3.740583,-1.51011,0.16402565,0.31291443,2.2613432,CD4 T cells
4.693198,-0.5653108,10.097339,2.7365596,5.666633,0.67693913,B cells
-2.5000267,7.653238,-3.99444,3.565157,0.19366658,6.1792564,CD4 T cells
5.022938,-1.7041988,9.71664,5.2999477,6.166904,0.5040147,B cells
-2.010171,8.085798,-2.6702814,3.7615573,1.7924058,7.795783,CD4 T cells
-1.909412,4.113793,-0.2557236,1.468808,3.4658978,4.867316,CD4 T cells
11.788967,13.206216,9.268713,11.875833,11.409731,11.566887,FCGR3A+ Monocytes
13.066367,8.299737,12.591168,9.857824,13.890158,9.1178,CD14+ Monocytes
0.16674262,4.1782045,-1.6997275,1.733712,-1.0579593,3.1029127,CD4 T cells
0.657809,2.58982,0.33624503,1.0740377,-1.2726437,4.3288693,CD4 T cells
0.8615615,6.711927,-1.3251114,2.1524148,-0.0074628447,5.9223995,CD4 T cells
14.703815,8.628296,13.125621,9.756757,14.307107,7.2832565,CD14+ Monocytes
4.192435,-0.87552637,10.433825,2.8522298,7.0165224,0.44473264,B cells
-2.7304382,6.74466,-0.5468366,3.881421,1.3292108,3.4514294,CD4 T cells
2.936204,6.4758687,-2.092424,0.9879673,-1.9038905,4.72399,CD4 T cells
0.80724156,8.300612,-0.7431733,3.533714,-1.7026366,6.3406,CD4 T cells
-0.6770421,11.876667,-3.2609465,7.7519665,-0.82401735,9.194879,CD8 T cells
0.20264053,15.494267,-3.0981367,10.887919,-1.6872679,12.369618,NK cells
0.5148385,15.421122,-1.7803899,10.219638,-0.67390925,11.99987,NK cells
1.4495692,5.1320906,-0.75579804,1.5818701,2.2730992,3.409346,CD4 T cells
1.3843166,5.7011147,-2.7439857,2.2252102,2.172149,6.288126,CD4 T cells
11.872885,14.506348,8.342848,11.744341,11.222978,11.939321,FCGR3A+ Monocytes
11.206834,14.525068,8.335345,12.117819,10.933334,12.173274,FCGR3A+ Monocytes
14.211883,8.183684,12.547485,9.354963,14.39189,7.0656505,CD14+ Monocytes
11.473747,13.847316,8.539267,11.584572,10.890437,11.708177,FCGR3A+ Monocytes
0.5088217,11.736148,-2.287296,7.275314,-1.1057116,8.851942,CD8 T cells
0.49318552,5.6780596,-2.8628302,2.6152177,1.4247738,3.3979228,CD4 T cells
-2.094397,7.023084,-1.7289605,4.0495634,2.2818093,3.382893,CD4 T cells
4.4470487,-1.8298863,10.68223,3.699948,7.3344297,0.068929896,B cells
0.22357906,6.5952067,-1.9357138,2.3627772,2.596865,6.060775,CD4 T cells
-1.598805,7.3274403,-2.9278772,1.2584883,0.19348662,6.1038327,CD4 T cells
11.538822,12.40592,10.086091,10.314554,12.016979,10.844166,FCGR3A+ Monocytes
14.124108,9.573119,12.244891,9.674251,12.54464,7.651164,CD14+ Monocytes
-1.6672086,10.699582,-1.6650254,5.536626,-0.02645375,8.701457,CD8 T cells
-0.47286388,12.433529,-2.0029967,7.5431433,-1.0423621,9.360489,NK cells
11.734172,12.619295,10.161151,10.684209,10.219274,10.190853,CD14+ Monocytes
-0.6575762,10.2697935,-1.8729645,6.278939,-1.0225226,3.8992922,CD8 T cells
14.438833,8.461957,11.59062,11.824117,14.166786,7.636115,CD14+ Monocytes
2.5609179,5.36098,-2.3427856,1.5579326,-0.17666502,3.55684,CD4 T cells
0.41786912,12.058233,-2.164269,8.136147,0.052060213,9.854343,CD8 T cells
0.48064584,9.3443365,-1.1307683,5.7734747,-1.6997222,6.645182,CD8 T cells
0.26358753,3.0608604,-3.4525378,1.2864882,0.9577374,4.2777505,CD4 T cells
0.23209283,14.65386,-2.7620502,9.6838665,-2.0238504,11.99334,NK cells
12.015361,14.128211,8.40881,11.28681,11.049608,11.945988,FCGR3A+ Monocytes
-2.2790506,8.952483,0.31605214,5.105927,-0.4762381,6.713073,CD4 T cells
0.46132427,14.7762,-3.3005693,9.914472,-1.4728957,11.327314,NK cells
3.3259008,-1.7328463,9.910885,5.8068314,6.168839,1.0445206,B cells
1.3977283,8.44625,-2.1084313,4.8229036,-0.28273794,5.800838,CD4 T cells
3.6629398,-2.4793222,10.486224,2.9808736,5.035218,-0.50349414,B cells
11.238083,9.422856,10.904714,9.994383,12.32761,10.026326,CD14+ Monocytes
4.004972,-2.1687925,9.523728,3.7588418,6.7843328,-0.62079614,B cells
14.189715,7.211684,13.518994,10.600431,13.407102,8.971798,CD14+ Monocytes
-1.0394324,4.689287,-3.4131348,4.8451867,1.0465305,5.5230365,CD4 T cells
12.261225,8.070456,12.244044,10.871988,13.066859,7.283031,CD14+ Monocytes
1.0530311,5.9115863,-3.3386567,2.1992,7.4231668,0.9779492,CD4 T cells
0.09642211,5.7022653,-0.65062076,2.2791018,0.60310334,4.959354,CD4 T cells
1.2732295,10.270349,-3.2469552,5.866949,0.51829207,7.445677,CD8 T cells
13.044144,10.222638,11.952646,11.462385,13.414764,8.137496,CD14+ Monocytes
1.2787613,14.846784,-2.7582731,10.021518,-2.4037862,12.012298,NK cells
0.6647442,5.263902,-4.4658422,2.4635317,0.9022223,6.31309,CD4 T cells
0.28897262,15.836094,-2.0255337,10.677867,-0.9716227,11.676531,NK cells
0.7048025,7.641702,-3.1328008,2.441313,1.2147667,6.9383087,CD4 T cells
1.4135351,12.510604,-3.3015263,7.720878,-1.7362947,9.59428,CD8 T cells
12.136233,9.219666,11.198629,9.292607,12.67923,9.435193,CD14+ Monocytes
0.3941748,11.959916,-2.215787,7.8997684,-0.37329373,9.887125,CD8 T cells
12.805364,13.217726,9.212477,11.676193,11.53897,11.339164,FCGR3A+ Monocytes
0.8365544,6.364245,-2.2010086,3.2857416,1.7096177,4.2062154,CD4 T cells
12.177018,8.278472,12.767733,12.281665,13.625635,8.646065,CD14+ Monocytes
0.54505044,9.845637,0.3230651,1.0533283,0.8197751,5.438911,CD8 T cells
2.1034763,6.816978,-4.274773,3.823511,-0.3142613,5.0884256,CD4 T cells
12.055981,9.685434,12.336238,9.663093,12.5077505,9.235267,CD14+ Monocytes
11.690062,14.037902,8.961653,12.24262,11.261867,11.37953,FCGR3A+ Monocytes
-1.0161093,10.885411,1.0959182,3.4979813,-1.7679461,7.670105,CD8 T cells
12.067054,12.917973,8.462383,11.261778,11.0058565,11.964728,FCGR3A+ Monocytes
3.3311555,-2.0862267,10.617924,3.3568788,7.482244,-1.322658,B cells
0.41611093,11.313313,-1.2029454,7.3635583,-2.109202,7.854362,CD8 T cells
4.4177527,0.40722272,9.8155365,5.146712,5.8585973,1.4538968,B cells
-0.85136354,8.076314,-2.5515232,3.149184,2.4570284,5.846288,CD4 T cells
0.31177935,16.20108,-3.59322,10.712129,-1.5650795,12.522225,NK cells
1.1894319,5.566732,-2.2118177,3.4927266,2.3439322,5.4611917,CD4 T cells
1.6748712,6.2602773,-1.4909271,5.068421,-0.21438564,3.6024683,CD4 T cells
-0.83944064,11.219833,-1.2488396,6.7636194,-1.4344566,8.093834,CD8 T cells
4.4210944,-2.3761568,9.886557,3.2196586,5.787252,0.5581681,B cells
-1.2546042,11.175229,-1.8713549,6.5947533,-0.9255245,8.125702,CD8 T cells
0.57538384,5.4045715,-3.843705,2.2097666,1.6474854,5.2304688,CD4 T cells
12.791173,12.611749,9.106325,12.009185,12.675992,10.649403,FCGR3A+ Monocytes
1.3597537,11.303054,-2.7466736,7.0924096,-1.482479,8.324982,NK cells
13.361463,8.007302,12.556913,9.357375,14.592487,8.751187,CD14+ Monocytes
0.9210688,7.2886477,-3.0269911,1.4985207,1.6259961,3.7464151,CD4 T cells
0.50546163,3.9208426,-4.4864492,2.699303,1.5067677,5.661359,CD4 T cells
11.791847,11.336214,10.283006,11.16269,11.508716,9.441603,CD14+ Monocytes
-0.47634414,7.0626335,-1.1091006,2.9331696,-0.54314154,4.9535213,CD4 T cells
-0.9289926,8.451774,-1.5331591,5.4364343,0.31092718,6.7879443,CD8 T cells
11.803818,13.662809,8.5969715,11.1582985,11.665291,11.306838,FCGR3A+ Monocytes
-2.0963635,4.430691,-3.7352116,3.7152312,-0.17193101,6.6232677,CD8 T cells
0.16930355,8.791407,-1.9423728,5.440396,2.1555095,6.555596,CD4 T cells
13.368018,9.302459,12.440956,10.868216,12.98027,8.361157,CD14+ Monocytes
4.42125,-1.3547738,9.245713,3.8976955,6.137085,1.1760765,B cells
-0.5152749,6.0584087,-0.87208307,2.4150746,1.2278329,4.5040064,CD4 T cells
5.6267157,-1.9552776,11.334281,4.3776517,6.7021093,-0.39111897,B cells
-3.0979543,8.389808,-0.15545422,4.2019167,1.6056706,8.221586,CD4 T cells
-1.6398026,4.552548,-1.3123376,4.0831113,1.554059,6.6858063,CD4 T cells
0.9898401,13.037113,-3.4000533,8.351162,-0.1897972,10.273,CD8 T cells
0.433005,7.0480947,-1.5322613,2.3004084,1.732596,4.9338803,CD4 T cells
14.732894,8.887919,11.657756,10.344926,13.039848,7.7323747,CD14+ Monocytes
-0.25681895,16.0265,-2.920641,10.637621,-1.3237103,12.33552,NK cells
11.597271,14.1635,9.32528,11.424816,10.948631,11.94637,FCGR3A+ Monocytes
-0.4354137,7.5030217,-1.3138255,3.97736,1.5946124,7.093243,CD4 T cells
14.306259,8.441243,12.056778,10.319677,13.210059,7.5765953,CD14+ Monocytes
5.3251486,-2.3988929,10.225842,4.5784073,6.2995143,-1.2827287,B cells
13.923031,9.015714,11.99213,9.516416,13.484173,7.306597,CD14+ Monocytes
-0.44810718,4.5739646,0.08928582,2.8596315,-0.78648925,3.31503,CD4 T cells
-0.85520625,8.532411,-3.2463558,4.6513243,-0.341921,6.9709144,CD4 T cells
-0.25028583,10.269144,-0.9520857,5.90653,-1.5286335,7.6977677,CD8 T cells
1.6580821,8.286369,-1.4271876,5.028544,2.7463775,5.576489,CD4 T cells
-2.2646086,4.3153973,0.8294168,4.05938,0.012690289,5.460571,CD4 T cells
0.6665436,14.571557,-2.3005934,10.142514,-0.57544166,11.495998,NK cells
1.5142028,13.465576,-2.5216846,8.695913,-1.8117496,10.178224,CD8 T cells
2.0016484,7.195444,-1.8217571,4.0951595,0.51167464,6.332452,CD4 T cells
1.5670171,11.687786,-1.972334,7.775363,-1.0850809,9.863379,CD8 T cells
1.0339801,11.743429,-1.0394533,6.925746,-1.0216565,10.039292,CD8 T cells
12.289211,12.569374,9.991955,11.832304,10.344687,10.546104,FCGR3A+ Monocytes
13.400918,9.86651,12.438042,10.431313,13.027922,6.7082734,CD14+ Monocytes
-1.773124,6.9875903,-4.0789695,3.3818557,-1.1559049,5.1003957,CD4 T cells
-1.7021917,5.814282,0.6266459,2.6006873,0.107393,4.8557343,CD4 T cells
-2.0489438,9.564975,-0.82373387,4.077785,0.7811007,7.5528936,CD4 T cells
3.8262537,-0.3861167,9.231165,4.841408,6.282952,1.483698,B cells
-1.4631633,11.261287,-2.39287,6.2416906,-1.2236371,8.362887,CD8 T cells
0.76329094,2.7032063,-0.84077024,1.8792381,1.630794,2.6240447,CD4 T cells
-0.03676809,10.573637,-2.7314987,6.2084947,-1.2058464,7.839329,CD4 T cells
0.50509506,7.891709,-1.8449278,5.192707,2.403315,4.967873,CD4 T cells
12.622656,7.9715433,12.170899,10.267933,12.63331,8.472364,CD14+ Monocytes
1.3523082,4.1175933,-0.9351661,1.3686428,1.4771959,4.788286,CD4 T cells
-0.25056162,15.880159,-3.4158227,10.482992,-1.3473345,11.936471,NK cells
13.809409,9.095916,12.424065,10.499006,12.80297,8.606503,CD14+ Monocytes
3.4247642,-0.68839794,10.704033,5.758373,7.1634736,0.29151592,B cells
-0.37874296,10.728745,-1.619047,6.362525,-0.030198019,8.42933,CD8 T cells
0.7443695,4.920858,-3.8263958,2.279019,1.0717951,2.8009655,CD4 T cells
3.8995466,-3.0498998,9.495791,3.2764997,5.4366717,1.1263944,B cells
0.6960891,5.9994197,-2.0213833,0.19439779,-0.6377173,3.738817,CD4 T cells
5.304667,-2.383622,10.510354,3.9375353,5.3674607,0.12013171,B cells
-1.2260206,2.7176504,0.54590183,1.8559709,1.0125369,3.3879986,CD4 T cells
-0.26320058,4.1052637,-1.9679192,0.8632131,1.1391485,2.6835594,CD4 T cells
4.4217153,-0.49239385,11.65402,4.1670136,7.5241523,-0.106618844,B cells
-1.579349,7.628746,-2.2689629,4.696532,0.6603541,6.6347904,CD4 T cells
-0.44529998,6.139786,-2.7502313,1.6241946,2.386912,4.009708,CD4 T cells
0.70542204,13.994439,-3.1717632,9.121856,-1.2859795,11.070384,NK cells
9.459436,7.812169,11.166929,7.538293,10.3685,6.7333875,Dendritic cells
-0.77062625,8.348982,-0.19309385,5.2112775,-0.14408356,6.933436,CD4 T cells
-0.6818619,6.3125114,-4.06399,4.2788258,-1.9479547,4.0230794,CD4 T cells
0.76823133,13.130091,-2.1697917,8.242035,-1.144408,10.4487095,CD8 T cells
12.362222,13.126336,8.937417,11.983128,10.793436,11.425098,FCGR3A+ Monocytes
13.684082,6.7960525,13.543486,10.011577,13.725834,6.9281845,CD14+ Monocytes
4.824585,-0.3637456,11.873484,3.931832,6.597427,-1.1039287,B cells
14.260272,9.997598,11.375036,10.383666,12.818165,7.110484,CD14+ Monocytes
14.315067,7.5721006,11.875628,11.586896,14.783273,8.497661,CD14+ Monocytes
12.753996,11.583994,9.958715,10.353427,11.12959,9.382355,CD14+ Monocytes
12.216574,10.626292,10.813812,10.755178,12.121661,9.579459,CD14+ Monocytes
1.2861186,11.157248,-2.034247,5.923334,-2.2379913,7.963608,CD8 T cells
3.8313115,-0.40907866,9.090124,4.193843,7.288457,0.18259156,B cells
-0.49638715,7.9689336,-1.3083214,4.253455,0.9079658,7.1014466,CD4 T cells
-1.4173156,6.489743,-1.6875299,2.7060566,-1.0518458,4.875665,CD4 T cells
-0.14551826,4.5813336,-2.1395612,3.8720767,1.71566,4.5644493,CD4 T cells
13.825353,9.5194235,12.679409,11.10599,12.516702,7.264198,CD14+ Monocytes
12.191883,10.777551,10.56721,9.807138,12.493782,8.617512,CD14+ Monocytes
1.2702212,10.933122,-2.049902,6.7064643,-0.61791986,8.500154,CD8 T cells
12.491074,7.730575,11.879671,9.291052,12.584427,8.4776125,CD14+ Monocytes
0.57284296,4.1853137,-1.9674282,1.354394,1.8476367,6.3402185,CD4 T cells
12.131315,14.207338,9.05086,11.547518,10.824741,11.646497,FCGR3A+ Monocytes
12.556955,12.787272,9.757239,11.9435005,10.832566,10.384676,FCGR3A+ Monocytes
-0.16037913,10.697135,-2.914006,6.1559496,-0.51010567,8.37108,CD8 T cells
-0.7208119,4.876387,0.55000526,2.980508,0.14944577,3.3650372,CD4 T cells
5.4992228,-2.114886,8.948574,4.2457423,5.32743,0.4215845,B cells
-0.953564,5.556088,-0.73319596,1.2801014,0.3593379,4.258218,CD4 T cells
-0.43290886,3.7991796,-0.6772691,0.83697534,-1.4025745,3.337155,CD4 T cells
0.1969592,12.53454,-1.527409,8.206961,-2.4180405,10.397553,CD8 T cells
5.010985,-1.6045198,9.794041,3.8124716,5.7243066,-0.92137307,B cells
0.46670663,7.338149,-0.88607293,3.092018,2.9024794,5.1341066,CD4 T cells
0.91841847,5.8368535,-2.6468472,3.033049,-0.39891168,4.807173,CD4 T cells
-2.5386794,8.182317,-1.3697625,4.967945,-0.46332824,6.1424623,CD4 T cells
1.4432745,5.3964577,-0.335984,1.7213362,1.6025745,3.8447602,CD4 T cells
13.0784855,9.436332,11.515604,12.00014,14.482639,8.110595,CD14+ Monocytes
-1.7430116,10.088621,-3.000123,6.7478375,-1.1857764,7.5217423,CD8 T cells
-1.604932,9.053428,-3.411246,5.330926,0.31859154,8.156932,CD4 T cells
13.305241,9.061123,12.845471,10.72014,13.506144,9.311851,CD14+ Monocytes
0.4147457,8.485153,-1.1534725,3.7419336,2.5604436,6.707904,CD4 T cells
0.43707046,5.8852916,-0.36255434,4.2181225,-0.7784862,4.64535,CD4 T cells
5.0300055,-2.369219,9.349405,3.7693493,6.7343473,-1.2721772,B cells
-1.2614996,9.489013,-2.8158548,3.3428886,-0.0070670554,7.3337483,CD8 T cells
0.06450029,6.1351123,-1.52119,3.5314429,-0.93685037,4.643909,CD4 T cells
13.309464,6.9832196,12.849142,10.32782,12.906378,7.1328855,CD14+ Monocytes
-0.014790147,5.387567,-3.482064,1.5114,0.28906557,3.4884186,CD4 T cells
-1.7337928,7.960502,1.09507,3.0105035,-2.0103736,5.9205446,CD4 T cells
-1.3344434,10.018644,-3.590659,3.4638221,-0.29958215,7.822434,CD4 T cells
0.6469766,10.738151,-2.8766541,5.3298373,-1.0312697,7.8502235,CD8 T cells
12.174884,13.899999,9.73242,11.712809,10.822656,11.0001135,FCGR3A+ Monocytes
13.531823,7.319733,13.727607,11.628048,14.303812,8.02552,CD14+ Monocytes
11.375179,7.708943,13.053538,11.301244,12.846082,9.9282465,CD14+ Monocytes
12.42213,7.1781144,12.783686,10.761755,13.371093,7.746823,CD14+ Monocytes
-2.22628,5.9251766,-2.517826,1.9723511,3.3882127,5.4144654,CD4 T cells
11.533369,13.778652,9.913946,12.382549,11.461605,11.506043,FCGR3A+ Monocytes
5.988898,-1.8426775,11.6987,4.135869,7.28202,-0.43588746,B cells
0.071083784,3.6551704,-4.4275956,3.0859802,1.5979787,4.881124,CD4 T cells
0.0048499373,6.9821477,-1.9591589,2.478683,2.7603555,6.5326366,CD4 T cells
-0.6126035,14.646825,-2.5671103,11.01746,-2.069739,11.529473,NK cells
0.91701216,4.7834706,-3.2751408,1.6460764,1.0991834,2.3617966,CD4 T cells
13.773628,8.653336,13.124294,10.951274,13.111513,9.486007,CD14+ Monocytes
1.8971066,6.5030475,-1.530845,2.007888,1.0163786,6.3109145,CD4 T cells
1.3663791,5.0778117,-0.3897891,1.6890596,0.054772895,3.1790736,CD4 T cells
0.9980226,5.1277575,-1.317084,1.4712632,-0.114229344,4.213705,CD4 T cells
-0.25831655,3.9668062,0.4145606,0.4507276,2.2965908,3.1057308,CD4 T cells
-1.2300591,11.006901,-1.7682426,5.063101,-1.1860343,7.396516,CD8 T cells
0.89772004,3.6795797,-2.208196,3.878109,0.5909383,4.7732024,CD4 T cells
4.944196,-0.72553927,10.973264,4.244542,7.2846804,-0.272034,B cells
11.34218,13.997108,8.400505,11.655999,10.497596,11.883975,FCGR3A+ Monocytes
5.584289,-1.834981,10.178234,5.1699157,7.5460377,0.47808737,B cells
11.463028,12.979707,10.636272,12.582693,11.019818,10.69492,FCGR3A+ Monocytes
-1.5319797,8.805457,-3.0476654,4.0423527,-0.6722232,6.3237195,CD4 T cells
5.0194716,-0.67006373,11.382238,4.5766034,6.268401,1.4553035,B cells
-0.65244985,3.8309014,-2.559923,3.3453145,-0.15119834,4.639164,CD4 T cells
1.118045,4.5852776,0.27932146,1.866897,1.8556879,4.8110666,CD4 T cells
5.0190825,-2.0760767,10.028106,5.4312625,6.4288716,-0.8203123,B cells
-2.539019,6.5375953,0.012304835,3.5697079,-0.53089905,6.282091,CD4 T cells
0.064033255,6.0649633,-0.75620085,4.3751116,-0.356316,5.885735,CD4 T cells
-2.338516,5.7675323,-2.0914645,4.5063624,0.11180971,7.292554,CD4 T cells
12.851056,8.884263,11.853187,12.265044,11.671481,9.008621,CD14+ Monocytes
8.404865,6.8305187,10.411345,4.031106,9.3500395,5.0455217,B cells
0.9508984,15.758512,-2.7606742,9.899116,-2.1975741,12.1238165,NK cells
11.355261,12.562547,10.004743,12.543945,10.879062,10.333557,FCGR3A+ Monocytes
-1.0206808,5.2292776,0.1468147,2.7174854,1.3396274,3.7300425,CD4 T cells
-1.7030044,6.8589563,-2.1512947,4.323138,2.334624,4.4224734,CD4 T cells
1.0401733,15.131367,-3.8312855,10.310615,-2.6406002,11.709424,NK cells
0.78442097,6.997926,-0.6725145,1.6962719,-0.43848518,5.6089344,CD4 T cells
0.025248133,5.587783,-0.5704141,2.5227637,2.7647684,4.9564476,CD4 T cells
11.965814,12.928956,10.06829,12.330313,10.228022,10.607503,FCGR3A+ Monocytes
4.0915303,-1.0188649,9.897513,4.685333,5.202318,-0.03369381,B cells
3.712992,-2.4543915,11.423999,3.793463,6.517172,-0.95592123,B cells
3.8241696,-2.6365764,10.254605,3.7653344,6.881124,0.076780595,B cells
-0.4655563,7.715989,-0.9422914,3.4580145,3.1386843,4.850465,CD4 T cells
-2.232436,5.7619805,-1.8461668,2.7052531,1.4412322,6.1280413,CD4 T cells
3.6654608,-0.8330333,11.613196,4.5668693,6.277917,1.1602299,B cells
4.9109755,-2.545656,10.093363,4.704738,5.3300886,-1.0538833,B cells
3.4571452,-1.7553364,9.441101,3.9923084,6.7521834,0.10368997,B cells
13.583981,10.784554,10.553274,10.633082,12.497006,9.782173,CD14+ Monocytes
14.398119,8.574263,12.183091,10.484206,13.767128,7.474204,CD14+ Monocytes
14.532865,8.995635,12.631282,9.161123,13.283832,8.226557,CD14+ Monocytes
4.511371,-0.3860223,11.974025,3.8012698,7.3026724,-0.32514,B cells
11.012762,13.92867,9.6742115,12.007831,9.83369,10.801262,FCGR3A+ Monocytes
-0.96427524,10.501474,-1.6257503,6.5547986,-0.028287644,8.22514,CD8 T cells
0.4847616,3.6278925,0.21281444,2.3318262,1.612452,4.3355193,CD4 T cells
11.13079,8.215427,13.074082,9.091099,11.270336,7.1419325,CD14+ Monocytes
-1.0138059,11.948873,-1.7585777,7.6301503,-1.7410218,8.96834,CD8 T cells
-0.35606375,15.698127,-2.6721296,10.174237,-0.96370625,12.15613,NK cells
-0.1912317,5.8014874,0.2492758,1.8197101,3.037526,6.600715,CD4 T cells
3.9857383,-0.88407344,10.995743,3.8108509,5.289943,-0.9544753,B cells
-3.3126845,8.360986,-2.4455225,4.907838,-0.18075807,7.1949987,CD4 T cells
11.310762,14.029926,8.491401,12.266623,10.603696,11.977029,FCGR3A+ Monocytes
1.3489748,4.8386626,0.5064864,3.8093586,-0.013720864,4.9910817,CD4 T cells
0.71962196,15.047156,-2.0960524,9.315486,-0.5218996,11.192998,NK cells
-0.70380896,9.941,0.017055834,5.957484,-1.5360585,6.486363,CD8 T cells
1.3906037,7.8871,-1.4454035,3.1616106,-0.72789985,5.8309436,CD4 T cells
13.218103,9.992492,10.872153,9.653799,12.674958,8.416013,CD14+ Monocytes
0.27131367,9.324126,-0.6364191,5.8615093,-1.5337741,7.137642,CD8 T cells
12.447275,11.011066,10.403949,10.397868,11.7368555,9.513016,CD14+ Monocytes
-1.6350889,8.48685,-3.7812996,4.8126383,-1.490838,6.5927806,CD4 T cells
13.030522,7.399143,12.770112,10.417745,14.433278,8.316881,CD14+ Monocytes
1.2992278,5.8976793,-3.7829573,2.8807685,-1.2060966,4.619299,CD4 T cells
1.3908875,11.923816,-1.2341996,7.511871,-1.0404506,9.50434,CD8 T cells
13.782824,10.461379,10.6635895,11.080271,11.972561,8.00197,CD14+ Monocytes
1.9143533,7.5652075,-1.494152,3.9722188,2.8347476,5.584787,CD4 T cells
-1.1676618,6.3018084,-0.79179883,3.08102,3.0172818,6.3517494,CD4 T cells
3.9512968,-0.7188548,9.318206,4.2755017,7.121503,0.022234758,B cells
3.6553721,-2.3300114,11.385225,4.0792165,4.97678,0.06529569,B cells
-0.3256719,11.003159,-2.7141461,5.4025655,0.06509423,8.561939,CD8 T cells
3.3678882,-2.2263744,9.86887,4.173311,7.0301456,-0.74875504,B cells
1.8042771,7.415441,-2.555423,2.931112,-0.6725231,6.103804,CD4 T cells
13.784264,10.647602,11.169941,10.772118,11.45519,8.737814,CD14+ Monocytes
-2.0328052,7.758302,-2.499537,4.220326,0.8033896,6.1212077,CD4 T cells
-2.7098334,6.996926,-0.9245545,1.8286757,1.7562474,6.013198,CD4 T cells
4.6593766,-0.0251828,10.624857,5.5426245,6.598042,0.5116859,B cells
11.648714,10.657707,12.157771,11.828805,11.55172,9.991227,CD14+ Monocytes
0.94696,8.298388,0.87784487,4.0464544,-0.60300887,4.577423,CD8 T cells
0.76305354,14.71868,-2.4302254,9.182466,-1.6863183,12.574327,NK cells
-0.84043556,8.643532,-1.9674301,5.506397,-0.9542912,6.704139,CD4 T cells
12.547964,11.471511,10.701852,10.754813,12.311975,10.617345,CD14+ Monocytes
0.13784432,7.3201156,-1.3275201,3.29181,-1.0916079,5.8208303,CD4 T cells
-0.4445972,3.6105332,1.1441753,2.1239314,2.6246653,4.41107,CD4 T cells
1.5261389,5.833269,-1.6229858,5.589984,3.5491426,5.674234,CD4 T cells
13.845692,10.369502,11.646322,10.579562,12.466716,9.41253,CD14+ Monocytes
0.278275,4.441618,-2.0219786,1.9307625,0.422922,5.3581667,CD4 T cells
-0.56631625,5.523535,-0.65141726,3.7572074,0.57952607,5.567975,CD4 T cells
12.327464,10.114926,10.997866,9.421306,12.763165,10.117538,CD14+ Monocytes
0.28523424,15.121853,-2.3838544,10.450256,-1.9237511,10.979322,NK cells
0.2919852,14.493006,-2.8592415,9.208998,-1.7501816,10.423051,NK cells
12.085575,14.4711,8.5369425,11.55347,11.371948,11.749131,FCGR3A+ Monocytes
3.6410391,-2.5084286,10.534166,4.911286,4.9719815,-0.77818596,B cells
-0.25496823,2.5143178,0.0702365,1.3057812,0.5609488,3.3216136,CD4 T cells
8.701017,7.0748277,10.18901,5.3280883,9.870325,5.865462,Dendritic cells
-2.540807,5.7188807,-4.3393893,2.5279365,0.75652415,5.6105323,CD4 T cells
1.204027,5.8332753,-1.1841049,6.039806,3.5398135,5.362587,CD4 T cells
-0.8660516,11.129114,-1.9487056,7.1919837,0.32602343,8.720639,CD8 T cells
-2.3645387,8.192508,-1.6288588,5.5864716,3.3703809,6.381363,CD4 T cells
4.317968,-2.2553701,10.224187,2.8178024,6.490392,-0.8220793,B cells
1.0072813,8.465662,-1.916186,3.963841,0.22666909,6.443183,CD4 T cells
1.9879452,6.145788,-2.1363857,1.2963613,-0.2717788,3.3132179,CD8 T cells
-0.14131212,2.842667,0.30670553,0.6347478,1.2717738,2.6711555,CD4 T cells
10.536101,13.046523,8.649713,9.839772,12.060694,11.86047,FCGR3A+ Monocytes
0.7383922,4.836776,-1.0253582,3.2987425,2.3713458,4.401001,CD4 T cells
1.0252365,12.236174,-2.9877222,7.4691424,-0.69020337,9.241474,CD8 T cells
12.768716,12.482792,9.864074,12.315158,10.877811,10.692131,CD14+ Monocytes
-1.5522958,6.3376393,-1.7703936,3.7503083,1.6405268,2.5292249,CD4 T cells
-0.22000712,4.194864,-0.31595993,0.7044855,0.53398174,4.4437957,CD4 T cells
11.865341,12.406383,9.695339,11.969789,10.483984,9.538869,CD14+ Monocytes
1.4784386,11.770301,-2.7936,7.371884,-0.43958127,9.2105255,CD8 T cells
4.6111345,-1.7877145,9.276522,4.3078527,6.5317745,-0.8155397,B cells
1.2148403,8.400823,-3.9677567,3.8055727,1.2486516,6.1486783,CD4 T cells
4.45426,-1.4081737,10.575957,4.1809397,5.9019494,-0.79956156,B cells
12.365315,9.783732,12.8696995,10.173835,12.276273,8.257003,CD14+ Monocytes
14.405396,9.076258,10.703242,10.949452,13.871487,10.081872,CD14+ Monocytes
12.137146,12.432554,10.473187,11.624317,11.2906,10.563989,FCGR3A+ Monocytes
12.365008,12.48109,10.373343,12.005498,10.977676,10.466258,FCGR3A+ Monocytes
-0.6738533,11.645713,-1.5981979,7.3354263,0.05864954,8.6650915,CD8 T cells
1.0209907,12.516707,-3.1987784,7.816223,-0.8376689,10.084284,CD8 T cells
-1.0330126,6.6071424,-3.153125,4.0867577,0.5066588,5.1626334,CD4 T cells
1.7738404,12.344448,-2.5647063,8.025267,-1.7300406,9.694979,CD8 T cells
-1.0803415,10.031072,-1.7771722,6.1934896,0.18622026,8.215503,CD8 T cells
1.3214644,5.094283,0.7538501,3.7477067,-0.33557567,3.175703,CD4 T cells
-0.08630558,4.2664404,-2.2000716,1.6403689,3.1784973,5.051865,CD4 T cells
14.674558,8.198318,11.653864,10.042569,14.025752,9.78581,CD14+ Monocytes
-1.3732609,3.105071,-0.2961739,1.7345612,1.1632903,6.5436077,CD4 T cells
0.026220253,9.830556,0.6507295,4.8192763,-0.9549964,11.153453,CD4 T cells
4.5725784,-2.4067514,9.401865,5.026603,7.4106245,0.6478608,B cells
-2.9288466,7.3684006,-1.14152,4.381278,0.13930364,6.0135617,CD4 T cells
12.889864,8.853799,12.814745,10.776384,13.489299,9.836274,CD14+ Monocytes
9.021842,12.5722065,7.4280987,9.174635,13.255352,12.784085,Megakaryocytes
12.016038,7.0995045,11.965467,8.937608,13.181732,8.743903,CD14+ Monocytes
9.261123,7.5199537,10.675652,7.0906863,9.977955,6.1547837,Dendritic cells
-0.6634808,5.342626,-0.13734134,2.3939939,-0.2871833,4.8767147,CD4 T cells
0.36337015,16.143646,-2.682758,10.600616,-1.9751189,12.577934,NK cells
0.16266254,6.431058,-1.8004308,1.648374,2.0834222,4.469398,CD4 T cells
2.2655206,6.045049,0.5010799,3.091629,1.0860314,2.4263527,CD4 T cells
0.061102953,2.6325018,1.0276401,3.0776978,0.913866,4.6692038,CD4 T cells
12.391003,8.66979,12.641659,12.340934,13.355796,7.5326414,CD14+ Monocytes
0.36114535,4.194751,1.228594,2.4475548,0.47481757,3.6642752,CD4 T cells
11.900884,11.916466,10.296264,11.603782,11.106774,9.786951,CD14+ Monocytes
-2.0945513,4.96894,-1.1302733,2.648167,3.088924,4.323567,CD4 T cells
-0.755982,11.44348,-1.4493284,7.1721125,-0.43995833,8.606055,CD8 T cells
4.593282,-3.352603,11.452062,2.7099855,4.879497,-0.5244084,B cells
12.526424,11.364772,11.105649,12.299399,12.017229,6.8817987,CD14+ Monocytes
11.870043,8.483966,12.753107,12.155672,12.128991,7.793568,CD14+ Monocytes
-1.5942512,8.231846,-1.4574547,5.6413465,-0.7809328,6.4637885,CD4 T cells
4.329349,-1.4919013,11.440038,3.9688754,5.2663274,0.21176998,B cells
0.91585356,15.995255,-2.4186227,10.80363,-2.3647845,12.237784,NK cells
-0.5717971,7.6539116,0.9145781,3.7275314,2.9287243,3.990469,CD4 T cells
3.1475544,-2.6152859,10.160354,3.0909064,7.0163116,-1.4686565,B cells
11.197462,11.909827,10.434889,10.526848,11.7826605,10.328367,FCGR3A+ Monocytes
1.2848946,6.0215163,0.31405395,2.7674885,-1.3078363,5.703381,CD4 T cells
3.9368484,-2.421917,10.751565,3.2983494,7.1361156,0.72567135,B cells
9.088964,7.4118,10.552909,6.555469,9.820026,6.2742305,Dendritic cells
12.222473,8.937034,12.493541,9.436144,13.159289,9.264649,CD14+ Monocytes
3.3258832,-0.4798377,10.408316,4.4433174,6.139961,0.5072812,B cells
3.7086112,-1.7585819,10.033252,3.5283804,6.620331,-1.2680385,B cells
-2.3300645,5.219347,-1.8386946,2.0511847,-0.7225764,5.079154,CD4 T cells
0.3060002,10.665169,-2.5403898,6.2792025,-1.1821103,8.110087,CD8 T cells
1.2876471,4.9733086,-3.3440964,1.3105776,0.64886343,4.2883143,CD4 T cells
12.782347,7.2648373,13.581139,11.577134,13.0974455,8.669411,CD14+ Monocytes
12.814465,12.30023,9.702767,10.786311,11.161385,9.960158,FCGR3A+ Monocytes
13.830646,9.088456,11.730316,9.99329,12.591833,9.324132,CD14+ Monocytes
-0.91453594,4.9051642,-1.4815162,3.040169,2.3339562,5.9226685,CD4 T cells
-1.7621005,9.525994,-0.88123184,6.433843,2.3898776,7.674888,CD8 T cells
-0.05341902,4.574146,-0.83486,3.001292,0.47681874,3.0427403,CD4 T cells
0.26125437,4.7108216,-2.3133154,2.3394032,-1.1791093,3.4119363,CD4 T cells
13.008631,9.819487,11.142186,9.73605,12.411546,8.371259,CD14+ Monocytes
12.698642,13.409643,8.926177,11.343591,9.954178,10.853318,FCGR3A+ Monocytes
1.4635335,6.279594,-4.5147643,3.0187929,-1.7082546,4.1829395,CD4 T cells
0.7680755,7.6321754,-3.299584,4.8975267,-0.6233305,5.9635253,CD8 T cells
-0.07088964,5.9779286,-2.2243676,3.2970152,-1.2764354,3.7774396,CD4 T cells
-0.9836006,2.544873,0.4833178,1.8063916,0.45616755,4.2736497,CD4 T cells
13.922144,7.2439814,13.7200985,10.769439,13.233821,8.9848795,CD14+ Monocytes
1.3927705,8.205712,-0.9544087,4.3583193,1.5762131,6.648435,CD4 T cells
10.738584,8.70077,11.410554,8.7835245,11.566047,8.303805,Dendritic cells
1.9142041,7.721995,-1.4788197,4.7496853,0.7551308,4.590375,CD4 T cells
4.307225,-0.13998814,11.412016,3.8718314,7.3878827,1.0464684,B cells
14.099353,8.827703,12.4644165,11.016802,13.918826,7.2434187,CD14+ Monocytes
-1.1496434,7.9496274,0.3789003,1.594518,1.0620289,6.689729,CD4 T cells
12.608488,10.47738,11.2583475,9.992134,11.322979,8.2189455,CD14+ Monocytes
-1.787263,4.814347,-1.0999452,2.3002176,1.763715,2.650253,CD4 T cells
12.928484,10.429736,11.899255,10.365922,11.952644,7.711299,CD14+ Monocytes
3.611214,-1.6709014,10.828495,4.5260563,6.435264,-0.129429,B cells
-0.5749163,14.813433,-3.5561147,9.5467825,-2.1113224,11.461767,NK cells
1.4441355,12.71222,-3.61187,7.7596016,-2.023088,9.582377,CD8 T cells
12.31757,9.185973,12.175846,11.557007,13.94555,9.61448,CD14+ Monocytes
2.4730809,4.9743834,-1.2652417,2.8766532,2.6053982,5.1353445,CD4 T cells
0.4320173,15.787888,-2.8258836,11.075623,-1.4607031,12.920312,NK cells
12.228419,10.09333,11.211581,11.049068,11.809994,6.9948664,CD14+ Monocytes
2.3891912,6.0931325,-2.6572375,1.0752361,0.89238083,5.0755215,CD4 T cells
12.804748,13.378469,9.315362,12.407123,11.954819,10.627187,FCGR3A+ Monocytes
-1.0690919,4.4771233,-0.1058354,3.513601,2.8203948,5.0017023,CD4 T cells
-0.25576138,8.934377,-2.0605135,5.429414,2.0624,7.446119,CD4 T cells
11.131406,13.449871,9.130917,11.595986,10.811819,11.04903,FCGR3A+ Monocytes
2.0327013,6.8464675,0.3440089,3.424048,0.04983548,4.065254,CD4 T cells
14.324727,8.753338,12.827582,11.714776,13.2532,7.481829,CD14+ Monocytes
0.5136554,7.9553127,-2.000666,5.0364313,-0.5025231,6.3670506,CD4 T cells
1.3560582,12.998727,-2.0141542,8.181784,-0.4989615,9.327376,CD8 T cells
1.38302,13.437194,-2.7907426,8.300049,-0.91755563,10.6098585,CD8 T cells
-2.1602395,5.245682,-1.588647,0.5978746,2.1024058,6.150007,CD4 T cells
12.175092,10.484516,11.048758,11.7679825,11.997993,6.9736276,CD14+ Monocytes
0.23180632,6.927569,-4.4468927,3.4027548,0.50494844,5.4107466,CD4 T cells
-2.7600589,7.99606,-1.894996,3.8083923,3.26915,4.930582,CD4 T cells
-1.9978515,6.8922286,-1.9354848,4.010643,1.4327018,7.100507,CD4 T cells
12.552914,9.11187,11.844089,12.118125,11.591812,7.688458,CD14+ Monocytes
0.6204217,15.242768,-3.5310462,9.977012,-1.4930884,11.774652,NK cells
12.315766,11.176934,10.243115,10.085547,10.46036,9.272067,CD14+ Monocytes
-2.7007647,7.2964253,-2.533837,3.7775645,1.6158203,7.0173283,CD4 T cells
3.3443375,-1.9551202,10.200272,2.573304,7.4902954,0.24780051,B cells
-2.5544982,9.06436,-2.07984,4.844596,1.299517,6.737624,CD4 T cells
0.66823,16.176628,-3.3831022,10.646324,-2.6130602,11.8034525,NK cells
12.312236,13.553305,9.528975,11.977196,11.5170145,11.327956,FCGR3A+ Monocytes
4.201738,-2.0635583,11.765895,4.1045146,7.0797505,0.5223817,B cells
11.674451,12.756299,9.813348,11.855935,10.743816,10.385361,FCGR3A+ Monocytes
0.7597674,4.974563,-2.0787156,0.66148496,-0.6602954,2.7172515,CD4 T cells
5.500566,-1.5136527,11.1126995,3.2513704,6.311004,1.1063325,B cells
1.2951381,7.5377445,-2.3193228,4.3675513,0.35176677,6.47344,CD4 T cells
5.8139014,-2.0315661,11.3343115,3.5431118,5.2719483,-0.58464307,B cells
11.976237,7.766534,11.547549,8.210048,14.000707,7.553895,CD14+ Monocytes
8.761027,7.1340284,10.5189705,5.9110537,9.63002,6.062207,Dendritic cells
2.0517528,7.341742,-1.002133,2.216139,-1.1888707,3.0236526,CD4 T cells
1.1918355,11.005552,-3.0997925,6.6773105,-1.8712867,8.587151,CD8 T cells
11.908877,7.1023793,13.62254,10.95776,14.1847315,8.027688,CD14+ Monocytes
0.3920638,6.1168084,-3.3587835,1.7501233,2.2715263,6.1929727,CD4 T cells
0.7435887,11.114305,-2.4383957,6.991263,-1.1591468,8.437764,CD8 T cells
12.086283,12.13285,11.492381,11.003646,11.261059,9.336961,FCGR3A+ Monocytes
1.698506,5.5695615,-0.54293615,2.9549656,1.6292174,3.625771,CD4 T cells
13.698655,7.4908504,12.366185,9.176212,13.751754,8.15487,CD14+ Monocytes
11.205519,14.327479,9.519302,12.527064,10.809241,11.759916,FCGR3A+ Monocytes
-1.1288542,9.26225,0.33270472,2.6570222,0.48439977,7.0208325,CD8 T cells
12.554689,7.1098495,13.416022,11.21945,13.867623,8.399518,CD14+ Monocytes
4.051416,-1.0837485,10.322273,2.9755187,6.3512006,0.433277,B cells
0.9699581,3.154305,0.5501127,2.1791916,-0.4968993,2.8745751,CD4 T cells
11.514625,11.686626,10.399775,10.789119,11.448194,10.121492,FCGR3A+ Monocytes
1.6908966,3.43075,-2.5634613,0.2981047,-0.8714181,2.648249,CD4 T cells
4.5816092,-1.1842307,9.80522,4.4572496,6.1425023,1.4210837,B cells
3.6438298,-2.9432347,9.02917,4.4785504,6.773915,-1.0128485,B cells
4.3586016,-2.194038,10.814524,3.3399117,5.236718,-0.07386787,B cells
1.392239,6.948859,-2.2784684,2.4934914,-1.5005038,6.16429,CD4 T cells
-1.111111,8.48936,0.21039307,5.384392,1.135412,7.663289,CD4 T cells
4.0815353,-1.6530336,9.376462,3.5168827,6.660095,0.68925875,B cells
0.7991472,15.432041,-2.7471132,10.396042,-1.180777,12.077945,NK cells
3.529701,-0.56208533,10.387152,5.398821,6.9031773,0.23914513,B cells
0.4609968,2.7799854,-0.24712229,0.36226967,0.6790046,3.481278,CD4 T cells
13.380039,10.123741,11.950598,10.5535345,12.596569,8.417515,CD14+ Monocytes
8.800771,7.1605434,10.288669,6.3562226,7.1354527,0.03633609,Dendritic cells
13.655625,9.051534,12.812807,11.958106,12.561612,8.060185,CD14+ Monocytes
12.05514,11.568274,9.684303,11.374725,10.698085,9.579873,CD14+ Monocytes
0.21076356,5.6744924,-3.7904902,3.7838192,1.0257374,3.954112,CD4 T cells
-0.62116605,11.082468,-0.77983433,6.795971,-0.3774564,8.361418,CD8 T cells
5.0911493,-3.3121705,10.022372,3.1361842,6.501951,-1.4688435,B cells
13.588955,9.385036,12.527586,10.616319,11.648029,7.5431724,CD14+ Monocytes
5.1850195,-3.205332,11.916878,4.5110598,7.4224343,0.92797303,B cells
0.13972302,8.583979,-1.2074991,3.8358412,2.4080982,5.423144,CD4 T cells
8.570892,6.8202643,9.479237,5.797166,9.615506,5.429783,Dendritic cells
11.344573,8.372489,12.416807,9.257928,12.482959,9.616119,CD14+ Monocytes
2.9828384,-1.5491323,9.802302,2.793367,6.1712284,0.06441167,B cells
4.6352572,-0.5465118,9.398971,5.0896997,7.4006476,0.6040014,B cells
3.9054208,-2.0576298,11.395559,4.9201026,6.4940853,-1.4308108,B cells
1.4698224,7.097455,-1.9374722,1.2043773,0.9418196,6.4841924,CD4 T cells
